doi,gmpd
10.1023/a:1014083331759,1
10.3201/eid1606.091187,1
10.7589/0090-3558-39.1.145,1
10.1111/j.1365-294x.2006.02903.x,1
10.1098/rspb.2009.1001,1
10.1079/joh2005285,1
10.1099/0022-1317-79-8-1871,1
10.2478/s11686-008-0058-z,1
10.7589/0090-3558-35.1.75,1
10.1139/z88-199,1
10.7589/0090-3558-28.3.435,1
10.1016/0167-5877(94)00386-w,1
10.7589/0090-3558-43.2.229,1
10.1645/ge-2202.1,1
10.7589/0090-3558-46.2.474,1
10.1016/j.vetmic.2005.06.010,1
10.1016/j.vetmic.2006.11.015,1
10.1016/j.ttbdis.2014.06.007,1
10.1007/bf02051671,1
10.1007/s00436-010-1847-5,1
10.1006/anbe.1996.0040,1
10.1007/s00436-007-0628-2,1
10.1007/s00436-007-0830-2,1
10.7589/0090-3558-22.1.13,1
10.1098/rspb.2002.2064,1
10.1016/s0304-4017(96)01119-3,1
10.7589/0090-3558-30.4.481,1
10.7589/0090-3558-30.4.481,1
10.1177/104063879600800403,1
10.7589/0090-3558-30.4.486,1
10.7589/0090-3558-39.1.224,1
10.1638/2020-0045,1
10.3201/eid0806.010358,1
10.1016/j.cimid.2008.10.005,1
10.1016/j.vetpar.2014.06.001,1
10.1371/journal.pone.0007042,1
10.1016/s0304-4017(02)00162-0,1
10.1016/j.vetpar.2006.07.027,1
10.1051/parasite/1990655244,1
10.14411/fp.2007.005,1
10.1017/s0950268898001289,1
10.1046/j.1365-2028.1999.00179.x,1
10.2307/3282102,1
10.1128/jcm.25.8.1495-1497.1987,1
10.1017/s0950268800047786,1
10.1017/s0950268800057289,1
10.1016/j.vetpar.2006.11.012,1
10.7589/0090-3558-28.1.116,1
10.1128/aem.02164-07,1
10.14411/fp.2000.005,1
10.2478/helm-2018-0035,1
10.1016/j.vetpar.2004.08.005,1
10.1017/s0031182099005491,1
10.1016/j.beproc.2006.08.003,1
10.1089/vbz.2007.0271,1
10.1016/0021-9975(92)90005-f,1
10.1111/j.1600-0684.1991.tb00559.x,1
10.1111/j.1365-2028.1995.tb00803.x,1
10.1016/j.parint.2020.102220,1
10.1007/bf02693656,1
10.1111/j.1365-2028.1991.tb00995.x,1
10.1111/j.1600-0684.1994.tb00096.x,1
10.7589/0090-3558-34.1.158,1
10.1007/978-1-4615-6428-7_49,1
10.2307/3284508,1
10.1017/s0950268899002113,1
10.1128/jcm.42.6.2602-2608.2004,1
10.22621/cfn.v120i1.241,1
10.1128/jcm.41.3.1263-1265.2003,1
10.7589/0090-3558-39.2.449,1
10.1007/s10764-015-9866-9,1
10.1099/vir.0.80235-0,1
10.7589/0090-3558-29.1.90,1
10.1136/vr.134.25.651,1
10.1093/jmedent/29.6.1063,1
10.1023/b:verc.0000017286.27592.aa,1
10.1023/b:verc.0000017286.27592.aa,1
10.1136/vr.163.1.27,1
10.1136/vr.154.26.827,1
10.1080/00034983.1990.11812477,1
10.1111/j.1469-7998.1996.tb05939.x,1
10.1080/00034983.2000.11813526,1
10.7589/0090-3558-44.1.16,1
10.1016/0020-7519(94)00133-9,1
10.7589/0090-3558-29.1.73,1
10.1128/aem.63.10.3946-3949.1997,1
10.3923/pjbs.2007.2208.2212,1
10.7589/0090-3558-26.3.392,1
10.1515/mamm.2006.049,1
10.1111/j.1348-0421.1990.tb01000.x,1
10.1590/s0036-46651986000300005,1
10.1007/s10344-005-0084-1,1
10.7589/0090-3558-43.2.309,1
10.2307/3280604,1
10.1136/vr.150.7.218,1
10.2478/s11687-008-0032-1,1
10.1017/s0022149x08123860,1
10.1051/parasite/1993683139,1
10.1051/parasite/1975502209,1
10.1051/parasite/1988633224,1
10.1051/parasite/198964142,1
10.1051/parasite/1995023315,1
10.1111/j.1365-2028.1991.tb00998.x,1
10.1016/0007-1935(89)90079-1,1
10.3398/1527-0904(2006)66[456:ssotis]2.0.co;2,1
10.1007/s10764-008-9329-7,1
10.1007/s10344-006-0036-4,1
10.1007/s10344-008-0247-y,1
10.1139/z01-080,1
10.7589/0090-3558-33.2.242,1
10.7589/0090-3558-37.1.133,1
10.1016/j.jcpa.2008.01.003,1
10.1007/s12639-013-0273-x,1
10.7589/0090-3558-36.3.562,1
10.1099/0022-1317-83-6-1325,1
10.1093/jmedent/29.6.1011,1
10.7589/0090-3558-23.1.34,1
10.7589/0090-3558-34.3.451,1
10.1136/vr.113.6.134,1
10.4102/koedoe.v19i1.1186,1
10.1016/j.placenta.2019.05.008,1
10.7589/0090-3558-40.2.230,1
10.1093/jmedent/33.6.946,1
10.7589/0090-3558-26.4.538,1
10.1896/0898-6207.21.1.179,1
10.1645/ge-1126r.1,1
10.1177/030098587601300401,1
10.7589/0090-3558-35.4.796,1
10.1017/s0950268899004008,1
10.7589/0090-3558-36.4.752,1
10.1136/vr.152.4.112,1
10.1017/s0022149x0002143x,1
10.1080/mmy.38.3.249.253,1
10.1136/vr.145.21.612,1
10.1051/parasite/1996031069,1
10.1111/j.1749-6632.2000.tb05303.x,1
10.7589/0090-3558-44.2.451,1
10.1016/j.vetpar.2008.10.068,1
10.7589/0090-3558-33.3.438,1
10.1017/s0031182000005667,1
10.1007/s00436-006-0276-y,1
10.7589/0090-3558-45.1.57,1
10.1590/s0074-02762002000400010,1
10.1016/j.vetpar.2003.09.008,1
10.1644/05-mamm-a-333r2.1,1
10.1089/vbz.2005.5.110,1
10.7589/0090-3558-43.1.82,1
10.1002/ajpa.21627,1
10.7589/0090-3558-32.1.121,1
10.7589/0090-3558-40.3.444,1
10.7589/0090-3558-32.1.121,1
10.4102/ojvr.v72i2.210,1
10.2307/3284724,1
10.3406/jatba.1928.4036,1
10.4269/ajtmh.2007.76.173,1
10.1139/f97-153,1
10.1111/j.1699-0463.1999.tb01554.x,1
10.7589/0090-3558-41.2.459,1
10.7589/0090-3558-26.1.50,1
10.7589/0090-3558-36.3.588,1
10.4102/jsava.v81i1.99,1
10.1126/science.1133105,1
10.1099/00207713-52-2-383,1
10.20506/rst.15.3.963,1
10.1645/ge-182r,1
10.1007/s00436-002-0655-y,1
10.1016/0956-7135(93)90167-m,1
10.1128/jcm.01931-07,1
10.1080/02541858.1989.11448179,1
10.7589/0090-3558-33.4.900,1
10.7589/0090-3558-44.4.878,1
10.4269/ajtmh.1966.15.561,1
10.1099/0022-1317-77-4-773,1
10.7589/0090-3558-38.4.840,1
10.1128/jvi.77.17.9578-9589.2003,1
10.7589/0090-3558-42.3.606,1
10.7589/0090-3558-43.4.762,1
10.1136/vr.134.20.528,1
10.7589/0090-3558-16.3.423,1
10.7589/0090-3558-42.2.375,1
10.1017/s0031182006002095,1
10.1016/j.vetpar.2008.01.020,1
10.1017/s0031182007003538,1
10.7589/0090-3558-41.4.787,1
10.1638/1042-7260(2000)031[0056:papsof]2.0.co;2,1
10.7589/0090-3558-32.2.362,1
10.4269/ajtmh.1998.59.704,1
10.7589/0090-3558-44.2.457,1
10.1099/vir.0.81450-0,1
10.1093/infdis/127.6.617,1
10.7589/0090-3558-45.2.519,1
10.1007/s00300-008-0500-6,1
10.1128/jvi.02743-12,1
10.7589/0090-3558-45.4.1163,1
10.1080/00222930500439559,1
10.1007/s11230-005-9008-4,1
10.1037/e536932004-001,1
10.1017/s0031182000079403,1
10.7589/0090-3558-29.2.266,1
10.3354/dao01936,1
10.3354/dao02146,1
10.1016/j.tvjl.2004.10.020,1
10.1016/0304-4017(90)90049-h,1
10.1136/vr.128.11.256-a,1
10.7557/2.16.4.1287,1
10.1046/j.1439-0450.2000.00354.x,1
10.1186/bf03547302,1
10.1111/j.1439-0310.1975.tb01125.x,1
10.4102/ojvr.v73i3.150,1
10.4102/ojvr.v86i1.1796,1
10.4102/ojvr.v75i3.102,1
10.2307/3285239,1
10.4102/koedoe.v15i1.676,1
10.4102/ojvr.v71i3.256,1
10.1111/j.1365-2028.1978.tb00447.x,1
10.1111/j.1365-2028.1978.tb00447.x,1
10.4102/ojvr.v74i4.113,1
10.4102/ojvr.v75i3.102,1
10.4102/ojvr.v78i1.308,1
10.1645/ge-3189,1
10.4102/ojvr.v72i4.188,1
10.1645/ge-3189,1
10.4102/ojvr.v71i3.256,1
10.1007/978-3-642-60725-7_6,1
10.4102/ojvr.v86i1.1796,1
10.4102/ojvr.v78i1.308,1
10.4102/ojvr.v78i1.308,1
10.4102/ojvr.v78i1.308,1
10.4102/ojvr.v77i1.3,1
10.1007/bf00008829,1
10.1016/j.vetpar.2010.11.006,1
10.4102/ojvr.v78i1.308,1
10.7589/0090-3558-33.4.812,1
10.7589/0090-3558-41.1.80,1
10.1292/jvms.70.1377,1
10.2478/s11687-008-0004-5,1
10.1007/s11046-009-9216-6,1
10.3402/polar.v8i2.6824,1
10.1111/j.1365-3164.2006.00548.x,1
10.7589/0090-3558-23.1.23,1
10.7589/0090-3558-22.1.1,1
10.1007/978-1-4613-2091-3_23,1
10.1159/000460375,1
10.7589/0090-3558-41.4.816,1
10.1051/parasite/1995022173,1
10.1644/06-mamm-a-248r.1,1
10.7589/0090-3558-35.4.786,1
10.1007/s00705-005-0679-6,1
10.7589/0090-3558-28.2.188,1
10.1093/jmedent/36.2.190,1
10.1139/f95-196,1
10.1139/z93-303,1
10.17221/171/2019-vetmed,1
10.2298/vetgl0604223i,1
10.7589/0090-3558-45.4.1221,1
10.1093/jmedent/31.3.500,1
10.1093/jmedent/31.3.500,1
10.1654/4314.1,1
10.1089/vbz.2008.0075,1
10.3201/eid0602.000214,1
10.7589/0090-3558-29.4.599,1
10.1016/j.prevetmed.2007.01.004,1
10.1007/978-1-349-05667-5_22,1
10.1017/s0022149x07868775,1
10.1638/2020-0134,1
10.1016/j.vetimm.2009.10.014,1
10.7589/0090-3558-47.632.636,1
10.7589/0090-3558-37.1.58,1
10.7589/0090-3558-46.1.297,1
10.1016/j.vetmic.2006.10.002,1
10.2307/1375019,1
10.7589/0090-3558-34.4.820,1
10.1007/s10393-012-0809-z,1
10.1093/oxfordjournals.aje.a118895,1
10.14411/fp.2012.032,1
10.1177/0300985810363720,1
10.7589/0090-3558-41.4.745,1
10.7589/0090-3558-41.3.512,1
10.4269/ajtmh.1984.33.940,1
10.1638/05-016.1,1
10.2307/3273891,1
10.7589/0090-3558-28.3.474,1
10.1006/anbe.1996.0203,1
10.1016/0304-4017(93)90119-8,1
10.1139/z87-105,1
10.2307/3276856,1
10.1016/j.vetpar.2004.09.033,1
10.1111/tbed.12688,1
10.1016/j.cub.2006.06.017,1
10.1099/vir.0.80241-0,1
10.1186/1746-6148-5-44,1
10.7589/0090-3558-38.1.93,1
10.3354/dao01927,1
10.2307/3278163,1
10.4269/ajtmh.1989.40.428,1
10.7589/0090-3558-30.3.436,1
10.7589/0090-3558-44.1.168,1
10.1016/j.vetpar.2004.06.004,1
10.7589/0090-3558-43.3.504,1
10.1016/s0378-1135(96)01304-1,1
10.2460/javma.239.11.1405,1
10.7589/0090-3558-21.1.64,1
10.1016/j.virusres.2007.08.007,1
10.1016/j.virusres.2008.12.015,1
10.1890/02-5266,1
10.1016/s0165-2427(98)00159-7,1
10.1017/s0950268807000039,1
10.2307/3283289,1
10.1645/ge-334r,1
10.2193/2006-002,1
10.7589/0090-3558-37.1.49,1
10.1007/s00436-006-0453-z,1
10.1016/j.vetmic.2006.12.024,1
10.7589/0090-3558-44.1.8,1
10.1051/parasite/200108s2088,1
10.1016/j.ijpara.2005.04.005,1
10.7589/0090-3558-40.2.338,1
10.1016/j.actatropica.2006.06.003,1
10.1051/parasite/1965402181,1
10.7589/0090-3558-35.3.458,1
10.1016/s0378-1135(02)00012-3,1
10.1128/jcm.02117-07,1
10.1186/1746-6148-5-42,1
10.1128/cvi.00424-09,1
10.3201/eid0505.990514,1
10.1128/jcm.38.11.4193-4200.2000,1
10.4102/jsava.v71i2.689,1
10.4098/at.arch.87-9,1
10.1002/ajp.20181,1
10.1002/ajpa.20477,1
10.1002/ajp.20233,1
10.1002/ajpa.20664,1
10.1111/j.1365-2028.2009.01123.x,1
10.1111/j.1365-2028.2009.01123.x,1
10.1002/ajp.20992,1
10.4098/at.arch.79-28,1
10.2307/3285464,1
10.1111/j.1600-0684.1995.tb00155.x,1
10.1128/jvi.70.6.3617-3627.1996,1
10.1084/jem.188.11.2057,1
10.7589/0090-3558-44.2.440,1
10.2307/3282005,1
10.1016/0378-1135(87)90092-7,1
10.7589/0090-3558-30.1.51,1
10.7589/0090-3558-31.4.472,1
10.20506/rst.17.3.1134,1
10.1051/vetres:2004001,1
10.2193/2006-225,1
10.4269/ajtmh.2004.71.373,1
10.1136/vr.153.19.592,1
10.1645/ge-3551.1,1
10.7589/0090-3558-46.2.615,1
10.2307/20094889,1
10.7589/0090-3558-29.1.50,1
10.1016/0304-4017(92)90077-m,1
10.7589/0090-3558-41.2.446,1
10.1136/vr.160.4.113,1
10.1002/ajpa.1330330112,1
10.1016/j.biocon.2006.04.029,1
10.1017/s0950268800056624,1
10.1136/vr.137.22.555,1
10.1645/ge-2258.1,1
10.1002/ajpa.21243,1
10.1126/science.177.4043.50,1
10.7589/0090-3558-38.1.7,1
10.1007/bf01201571,1
10.2307/3282410,1
10.2307/3284867,1
10.7589/0090-3558-41.2.426,1
10.1080/00480169.1994.35802,1
10.1111/j.1600-0684.1986.tb00283.x,1
10.2307/3278254,1
10.2307/3281710,1
10.2307/3282981,1
10.1093/jmedent/35.5.674,1
10.7589/0090-3558-36.4.705,1
10.1128/jcm.00685-08,1
10.7589/0090-3558-14.2.247,1
10.1016/0147-9571(85)90004-9,1
10.7589/0090-3558-36.4.691,1
10.1017/s0031182000055761,1
10.2307/3281938,1
10.7589/0090-3558-33.3.635,1
10.1128/jvi.74.1.529-534.2000,1
10.7589/0090-3558-45.3.722,1
10.1603/033.046.0635,1
10.1016/s0304-4017(97)00185-4,1
10.1016/0048-9697(92)90036-r,1
10.3201/eid1906.121012,1
10.1136/vr.159.19.619,1
10.1111/j.1365-294x.2005.02733.x,1
10.1645/ge-3131,1
10.1128/jvi.75.2.857-866.2001,1
10.1128/jvi.77.1.744-748.2003,1
10.1128/jvi.78.9.4700-4709.2004,1
10.1016/s0140-6736(81)91411-2,1
10.1007/978-1-4613-2091-3_23,1
10.1017/s0031182000078306,1
10.1017/s0031182002002238,1
10.1098/rsbl.2006.0468,1
10.1016/s0167-5877(99)00083-5,1
10.1111/j.1748-1090.1972.tb02330.x,1
10.1111/j.1751-0813.1993.tb03284.x,1
10.7589/0090-3558-22.2.214,1
10.7589/0090-3558-29.3.516,1
10.1136/vr.163.16.473,1
10.1111/j.1469-7998.1995.tb04488.x,1
10.7589/0090-3558-33.4.823,1
10.1016/s0304-4017(00)00329-0,1
10.2478/s11686-009-0031-5,1
10.1894/md-13.1,1
10.1111/j.1550-7408.1990.tb01249.x,1
10.4102/koedoe.v45i1.12,1
10.1016/s0006-3207(00)00141-5,1
10.1674/0003-0031(2004)151[0035:eoatie]2.0.co;2,1
10.2307/3284313,1
10.1017/s0022463400011048,1
10.7589/0090-3558-14.2.178,1
10.20319/pijss.2017.32.20152033,1
10.7589/0090-3558-36.4.761,1
10.7589/0090-3558-37.3.634,1
10.7589/0090-3558-44.3.537,1
10.7589/0090-3558-45.4.1150,1
10.1590/s0074-02762006000100019,1
10.7589/0090-3558-34.2.259,1
10.7589/0090-3558-43.3.512,1
10.1016/j.vetpar.2007.08.015,1
10.1007/s00436-008-0936-1,1
10.1645/ge-1521.1,1
10.1638/1042-7260(2002)033[0062:froapc]2.0.co;2,1
10.1654/1525-2647(2002)069[0058:gssnth]2.0.co;2,1
10.1645/ge-3425,1
10.7589/0090-3558-41.4.792,1
10.1016/s0304-4017(02)00005-5,1
10.1016/j.tube.2007.11.001,1
10.7589/0090-3558-38.4.856,1
10.1093/jmedent/32.1.5,1
10.1111/j.1748-7692.1998.tb00730.x,1
10.7589/0090-3558-29.1.114,1
10.7589/0090-3558-32.2.403,1
10.7589/0090-3558-45.3.611,1
10.1016/j.ijmm.2006.01.013,1
10.7589/0090-3558-21.2.153,1
10.7589/0090-3558-23.2.267,1
10.2460/javma.230.8.1142,1
10.7589/0090-3558-28.1.28,1
10.1016/j.vetpar.2005.11.015,1
10.1186/1751-0147-48-6,1
10.1016/j.vetpar.2008.05.019,1
10.1016/j.vetpar.2009.03.020,1
10.2307/2389485,1
10.7589/0090-3558-30.2.162,1
10.2307/3284115,1
10.7589/0090-3558-37.4.840,1
10.1002/ajp.21010,1
10.4269/ajtmh.1989.41.379,1
10.1016/j.tvjl.2006.10.015,1
10.4269/ajtmh.2004.71.227,1
10.1017/s0031182004006249,1
10.2307/3284904,1
10.1046/j.1365-2915.2001.00287.x,1
10.1007/s10344-004-0060-1,1
10.1016/j.vetmic.2004.02.007,1
10.1016/j.rvsc.2007.05.018,1
10.1016/j.vetmic.2008.05.022,1
10.1024/0036-7281.144.3.131,1
10.1016/j.dci.2007.05.001,1
10.1098/rsbl.2012.1160,1
10.1590/s1984-29612013000300012,1
10.1002/ajp.1008,1
10.1128/jvi.77.16.9099-9105.2003,1
10.3201/eid0910.030161,1
10.7589/0090-3558-39.2.456,1
10.4102/jsava.v71i2.689,1
10.4102/koedoe.v16i1.881,1
10.29381/0103-8559/20213102168-70,1
10.1590/s0036-46652007000600012,1
10.1590/s0036-46651998000400013,1
10.1590/s0074-02761993000100003,1
10.1093/jmedent/30.1.144,1
10.1638/04-076.1,1
10.7589/0090-3558-38.3.625,1
10.1007/s10344-004-0072-x,1
10.7589/0090-3558-36.2.265,1
10.7589/0090-3558-36.2.265,1
10.7589/0090-3558-37.3.626,1
10.1016/j.tvjl.2005.11.011,1
10.1111/j.1469-7998.1998.tb00085.x,1
10.2307/3802198,1
10.1111/j.1439-0450.1997.tb00998.x,1
10.7589/0090-3558-45.4.1169,1
10.4269/ajtmh.2008.78.195,1
10.7589/0090-3558-23.2.261,1
10.2307/3284861,1
10.1638/05-121.1,1
10.1016/0020-7519(95)00048-8,1
10.1016/j.vetmic.2005.08.006,1
10.11609/jott.zpj.784.1766-9,1
10.11609/jott.zpj.784.1766-9,1
10.11609/jott.zpj.784.1766-9,1
10.2478/s11686-008-0042-7,1
10.2478/s11687-008-0002-7,1
10.1111/j.1550-7408.1996.tb05038.x,1
10.1089/vbz.2005.5.288,1
10.1007/bf00930978,1
10.2478/s11687-008-0007-2,1
10.7589/0090-3558-43.3.518,1
10.1007/bf00931085,1
10.1016/0035-9203(63)90089-0,1
10.7589/0090-3558-38.4.769,1
10.1645/ge-1485.1,1
10.1002/ajp.20785,1
10.1051/parasite/2004113267,1
10.1002/ijc.2910380412,1
10.1046/j.1365-2672.2001.01389.x,1
10.7589/0090-3558-28.3.355,1
10.1098/rspb.2009.1775,1
10.1016/j.jcpa.2008.09.004,1
10.3201/eid1802.111309,1
10.7589/0090-3558-42.3.667,1
10.7589/0090-3558-26.1.34,1
10.1007/s11230-009-9216-4,1
10.4202/app.00044.2013,1
10.1638/1042-7260(2001)032[0441:epofrr]2.0.co;2,1
10.14411/fp.2015.020,1
10.1515/ap-2016-0092,1
10.14411/fp.2015.020,1
10.1007/s10344-016-1037-6,1
10.1016/s0040-8166(97)80021-3,1
10.1080/15627020.2004.11657219,1
10.7589/0090-3558-32.2.326,1
10.7589/0090-3558-36.2.241,1
10.7589/0090-3558-42.4.844,1
10.2307/3284883,1
10.2307/3283769,1
10.2307/3283769,1
10.1016/0304-4017(94)90170-8,1
10.7589/0090-3558-21.3.219,1
10.7589/0090-3558-21.3.219,1
10.2307/3285626,1
10.1016/s0020-7519(99)00142-3,1
10.1016/j.ijpara.2004.07.002,1
10.7589/0090-3558-26.2.286,1
10.7589/0090-3558-27.4.688,1
10.2307/3285401,1
10.2307/3284018,1
10.2307/3284018,1
10.2307/3284135,1
10.2307/3284512,1
10.1016/s0304-4017(00)00384-8,1
10.2307/3285401,1
10.1645/0022-3395(2003)089[0397:soauso]2.0.co;2,1
10.1016/s0304-4017(03)00263-2,1
10.1645/ge-110r,1
10.1645/ge-340r,1
10.1645/ge-155r,1
10.1645/ge-1245.1,1
10.2478/s11686-007-0048-6,1
10.1016/j.vetpar.2008.06.011,1
10.1645/ge-1406.1,1
10.2478/s11687-008-0004-5,1
10.2478/s11687-008-0004-5,1
10.2478/s11687-008-0004-5,1
10.1007/bf00323546,1
10.14430/arctic4396,1
10.2307/3283422,1
10.1128/cdli.9.4.763-770.2002,1
10.3201/eid1107.040724,1
10.1080/00034983.1958.11685857,1
10.7589/0090-3558-38.4.789,1
10.2307/4259,1
10.7589/0090-3558-22.3.415,1
10.7589/0090-3558-22.3.415,1
10.7589/0090-3558-26.2.210,1
10.7589/0090-3558-35.3.496,1
10.7589/0090-3558-36.2.383,1
10.4102/jsava.v68i1.854,1
10.7589/0090-3558-35.2.381,1
10.1016/b978-1-4832-3310-9.50007-2,1
10.4269/ajtmh.1963.12.524,1
10.5134/143457,1
10.1089/aid.1995.11.985,1
10.4102/ojvr.v71i1.286,1
10.1654/1525-2647(2003)070[0042:eotssm]2.0.co;2,1
10.1016/0006-2952(79)90474-x,1
10.1016/j.vetpar.2006.01.001,1
10.1645/ge-2512.1,1
10.1051/parasite/2006132115,1
10.1051/parasite/1997043227,1
10.1007/bf00010868,1
10.1051/parasite/2001081053,1
10.1638/1042-7260(2003)34[0016:beofrl]2.0.co;2,1
10.1638/06-062.1,1
10.7589/0090-3558-35.3.600,1
10.1016/j.vetmic.2004.04.012,1
10.7589/0090-3558-44.1.45,1
10.11609/jott.zpj.18.2.1030,1
10.3390/pathogens9110968,1
10.1002/ajp.20041,1
10.1007/s10329-012-0339-x,1
10.3201/eid0505.990506,1
10.1111/j.1600-0684.1992.tb00586.x,1
10.7589/0090-3558-35.3.591,1
10.7589/0090-3558-44.4.983,1
10.1099/vir.0.79799-0,1
10.1128/jvi.02646-07,1
10.1002/(sici)1098-2345(1997)43:2<87::aid-ajp1>3.0.co;2-t,1
10.7589/0090-3558-29.3.481,1
10.4269/ajtmh.2006.74.322,1
10.1007/s004360050660,1
10.7589/0090-3558-22.1.118,1
10.7589/0090-3558-23.2.199,1
10.1002/ajp.1350180304,1
10.1017/s0031182001007594,1
10.1007/978-1-4757-0596-6_15,1
10.1111/j.1755-0998.2008.02393.x,1
10.1080/00034983.1982.11687512,1
10.2307/3285177,1
10.7589/0090-3558-40.3.466,1
10.1128/jvi.65.4.2135-2140.1991,1
10.1093/aesa/60.5.875,1
10.7589/0090-3558-22.2.193,1
10.1016/s0304-4017(99)00219-8,1
10.3201/eid1407.071673,1
10.7589/0090-3558-39.1.224,1
10.7589/0090-3558-40.3.548,1
10.2307/2421306,1
10.1111/j.1699-0463.1999.tb01491.x,1
10.1136/vr.147.13.365,1
10.7589/0090-3558-28.2.316,1
10.1016/s0140-6736(96)91149-6,1
10.2307/3285415,1
10.7589/0090-3558-33.2.316,1
10.4269/ajtmh.1962.11.597,1
10.4269/ajtmh.1964.13.248,1
10.1017/s0031182002002913,1
10.1016/j.biocon.2003.09.016,1
10.4269/ajtmh.1983.32.2.tm0320020434a,1
10.1051/parasite/1956315643,1
10.5962/bhl.part.75087,1
10.1007/978-1-4757-2405-9_16,1
10.1080/00034983.1948.11685355,1
10.1017/s0031182099005168,1
10.1007/s00436-003-0982-7,1
10.7589/0090-3558-39.4.894,1
10.1016/j.prevetmed.2012.03.010,1
10.2307/3285256,1
10.7589/0090-3558-32.4.707,1
10.1016/s0304-4017(03)00210-3,1
10.3201/eid1212.060429,1
10.1038/emi.2013.23,1
10.1645/ge-3189,1
10.1128/jcm.43.4.1745-1751.2005,1
10.2307/3284040,1
10.1016/0035-9203(69)90172-2,1
10.7589/0090-3558-33.3.536,1
10.1016/s0304-4017(97)00061-7,1
10.7589/0090-3558-33.4.896,1
10.1016/s0304-4017(97)00199-4,1
10.7589/0090-3558-45.4.1158,1
10.1017/s0031182000019302,1
10.7589/0090-3558-34.2.400,1
10.20506/rst.19.3.1260,1
10.1016/j.vetpar.2003.09.006,1
10.1016/j.vetpar.2009.04.005,1
10.1007/pl00008534,1
10.2307/5124,1
10.1139/z91-082,1
10.1186/s12866-018-1228-2,1
10.2307/3279279,1
10.2307/3279280,1
10.7589/0090-3558-42.2.470,1
10.1638/05-075.1,1
10.7589/0090-3558-43.3.551,1
10.7589/0090-3558-36.2.316,1
10.7589/0090-3558-31.1.30,1
10.1051/parasite/2005124339,1
10.2307/3280037,1
10.1016/j.vetpar.2003.08.012,1
10.1638/1042-7260(2000)031[0129:cc]2.0.co;2,1
10.1638/2007-0071r.1,1
10.7589/0090-3558-21.2.100,1
10.2307/3223642,1
10.1016/j.vetpar.2005.10.009,1
10.1007/s00436-010-1732-2,1
10.7589/0090-3558-34.4.731,1
10.7589/0090-3558-35.4.703,1
10.1016/j.cimid.2005.01.006,1
10.1136/vr.138.25.615,1
10.1139/z91-340,1
10.7589/0090-3558-25.4.619,1
10.1016/j.yqres.2010.09.010,1
10.7589/0090-3558-30.2.263,1
10.7589/0090-3558-21.4.456,1
10.7589/0090-3558-30.3.470,1
10.7589/0090-3558-32.2.225,1
10.7589/0090-3558-35.3.622,1
10.7589/0090-3558-45.4.1208,1
10.1086/514285,1
10.1645/ge-932r1.1,1
10.7589/0090-3558-24.2.369,1
10.7589/0090-3558-33.4.868,1
10.2307/3282848,1
10.1093/jmedent/33.1.96,1
10.2307/1379983,1
10.7589/0090-3558-29.1.136,1
10.1002/ajp.1350140311,1
10.1136/vr.138.24.583,1
10.7589/0090-3558-34.1.161,1
10.1654/4081,1
10.1654/4106,1
10.1645/ge-127r,1
10.7589/0090-3558-42.2.402,1
10.1645/ge-1172r.1,1
10.1080/02572117.1989.10586813,1
10.4102/jsava.v62i3.1604,1
10.7589/0090-3558-22.3.335,1
10.1007/s10329-006-0001-6,1
10.1128/jvi.00997-07,1
10.7589/0090-3558-43.4.700,1
10.7589/0090-3558-44.3.760,1
10.7589/0090-3558-24.4.715,1
10.2307/1936609,1
10.7589/0090-3558-40.4.775,1
10.2354/psj.34.013,1
10.7589/0090-3558-31.2.247,1
10.7589/0090-3558-31.2.247,1
10.7589/0090-3558-34.3.436,1
10.7589/0090-3558-34.4.777,1
10.7589/0090-3558-41.3.606,1
10.7589/0090-3558-42.4.836,1
10.1016/s0378-1135(00)00192-9,1
10.7589/0090-3558-41.1.231,1
10.1136/vr.146.11.317,1
10.1139/z89-318,1
10.4098/at.arch.74-11,1
10.3201/eid1401.070565,1
10.1292/jvms.69.393,1
10.1292/jvms.69.259,1
10.7883/yoken1952.49.113,1
10.1007/s10329-004-0098-4,1
10.7601/mez.51.227,1
10.1128/aem.57.4.1152-1155.1991,1
10.22621/cfn.v121i4.505,1
10.4269/ajtmh.1979.28.526,1
10.3957/0379-4369-37.1.79,1
10.3957/0379-4369-38.2.117,1
10.7589/0090-3558-45.2.344,1
10.1089/vbz.2008.0134,1
10.7589/0090-3558-42.3.685,1
10.1099/0022-1317-77-4-773,1
10.1159/000156825,1
10.2105/ajph.40.4.417,1
10.7589/0090-3558-36.3.469,1
10.1080/02541858.1995.11448384,1
10.7589/0090-3558-25.1.76,1
10.1080/02541858.1995.11448385,1
10.7589/0090-3558-32.1.137,1
10.7589/0090-3558-34.2.411,1
10.1016/j.vetpar.2008.01.028,1
10.1638/2006-0049r.1,1
10.1038/17130,1
10.7589/0090-3558-28.2.223,1
10.1016/j.vetpar.2009.09.044,1
10.1046/j.1365-2915.2001.00287.x,1
10.1016/j.vetmic.2006.12.012,1
10.1638/2020-0087,1
10.7589/0090-3558-26.1.116,1
10.1111/j.1749-6632.2002.tb04397.x,1
10.1177/104063879700900311,1
10.1016/j.applanim.2005.02.013,1
10.1007/bf02381880,1
10.1126/science.157.3792.1029-b,1
10.7589/0090-3558-29.3.396,1
10.1002/(sici)1522-2683(19990601)20:7<1486::aid-elps1486>3.0.co;2-9,1
10.1016/s0020-7519(99)00123-x,1
10.7589/0090-3558-20.3.233,1
10.7589/2013-04-095,1
10.7589/0090-3558-35.3.618,1
10.1016/j.vetpar.2005.11.013,1
10.7589/jwd-d-20-00141,1
10.1136/vr.148.10.299,1
10.7589/0090-3558-43.1.116,1
10.1645/ge-928r.1,1
10.1645/ge-1321.1,1
10.1644/04-mamm-a-173r2.1,1
10.7589/0090-3558-46.2.335,1
10.1080/11250005709438250,1
10.1007/s10344-007-0115-1,1
10.1016/j.vetpar.2004.02.023,1
10.7589/0090-3558-43.4.758,1
10.1016/0020-7519(95)00038-4,1
10.4067/s0716-078x2000000100010,1
10.1007/bf00346169,1
10.7589/0090-3558-29.3.423,1
10.7589/0090-3558-41.1.224,1
10.7589/0090-3558-43.4.734,1
10.7589/0090-3558-27.2.320,1
10.7589/0090-3558-33.1.47,1
10.7589/0090-3558-40.4.741,1
10.5144/0256-4947.1992.589,1
10.1024/0036-7281/a000504,1
10.7589/0090-3558-36.2.265,1
10.7589/0090-3558-38.2.297,1
10.1079/joh2001108,1
10.1007/bf00010851,1
10.9775/kvfd.2008.109-a,1
10.1099/00207713-41-1-39,1
10.1002/sec.1412,1
10.7589/0090-3558-29.1.64,1
10.1111/j.1523-1739.2006.00290.x,1
10.1002/ajp.20475,1
10.1645/ge-311r,1
10.1645/ge-434r,1
10.1111/j.1365-2664.2005.01049.x,1
10.1007/s10393-010-0283-4,1
10.1002/ajpa.21348,1
10.1002/ajpa.22232,1
10.1016/j.vetpar.2009.02.021,1
10.7589/0090-3558-24.1.127,1
10.1186/bf03546567,1
10.1186/1471-2180-10-10,1
10.7589/0090-3558-30.2.180,1
10.1139/m87-167,1
10.2307/3272905,1
10.1638/1042-7260(2004)035[0121:dpohfp]2.0.co;2,1
10.7589/0090-3558-35.1.108,1
10.1080/01647958608683471,1
10.7589/0090-3558-29.4.540,1
10.1111/j.1550-7408.1993.tb04909.x,1
10.1128/jvi.02616-08,1
10.1016/j.rvsc.2008.04.001,1
10.2478/s11687-008-0023-2,1
10.1080/00034983.1974.11686960,1
10.7589/0090-3558-39.3.487,1
10.1016/j.vetmic.2004.06.017,1
10.1016/j.jcpa.2005.04.006,1
10.1111/j.1748-7692.2006.00025.x,1
10.4102/ojvr.v73i3.150,1
10.4102/ojvr.v74i1.141,1
10.4102/ojvr.v74i1.141,1
10.1016/j.trstmh.2006.06.002,1
10.1016/j.vetpar.2008.11.030,1
10.7589/0090-3558-39.3.712,1
10.1590/s0101-81752002000200011,1
10.1007/s10344-006-0066-y,1
10.1136/vr.161.5.167,1
10.1016/j.rmb.2016.07.003,1
10.1007/s10329-011-0252-8,1
10.3989/pirineos.2002.v157.71,1
10.7589/0090-3558-44.3.721,1
10.1002/ajp.1350130111,1
10.1007/bf02242031,1
10.1051/vetres:2004051,1
10.7589/0090-3558-30.4.545,1
10.1016/s0304-4017(98)00192-7,1
10.1007/bf02242030,1
10.1139/z97-045,1
10.1139/f97-306,1
10.1007/bf02557598,1
10.1007/bf02640686,1
10.1111/j.1439-0450.1991.tb00858.x,1
10.20506/rst.11.4.644,1
10.4269/ajtmh.1964.13.763,1
10.7589/0090-3558-45.4.1008,1
10.7589/0090-3558-28.3.445,1
10.1111/j.1600-0684.1997.tb00053.x,1
10.1007/bf02359769,1
10.2307/3285682,1
10.1007/s004360000337,1
10.1007/s004360100489,1
10.2307/3285529,1
10.1007/s00436-002-0693-5,1
10.1645/ge-3327rn,1
10.1139/z85-216,1
10.1093/jmedent/29.6.915,1
10.3318/bioe.2002.102.1.27,1
10.2307/2425204,1
10.1002/jwmg.895,1
10.7589/0090-3558-33.2.226,1
10.7589/0090-3558-25.4.623,1
10.7589/0090-3558-38.3.653,1
10.7589/0090-3558-22.4.453,1
10.7589/0090-3558-37.2.312,1
10.1645/ge-409r,1
10.1007/s00436-006-0210-3,1
10.1016/s0304-4017(96)01097-7,1
10.3923/javaa.2010.601.603,1
10.1051/parasite/1990653145,1
10.1051/parasite/199267391,1
10.1007/s11230-005-9024-4,1
10.3897/zoologia.34.e12308,1
10.1590/s0074-02761993000400008,1
10.1017/s0022149x08912384,1
10.7589/0090-3558-32.4.572,1
10.1111/j.1748-7692.1997.tb00651.x,1
10.7589/0090-3558-33.3.450,1
10.7589/0090-3558-27.1.105,1
10.7589/0090-3558-23.2.318,1
10.1638/2006-0033.1,1
10.20506/rst.17.3.1129,1
10.1016/0378-1135(95)00180-8,1
10.1016/0304-4017(80)90021-7,1
10.1111/j.1096-3642.1952.tb00316.x,1
10.1017/s0080455x00001338,1
10.7589/0090-3558-16.2.305,1
10.1292/jvms.71.1009,1
10.1016/s0304-4017(99)00043-6,1
10.1139/z89-173,1
10.1017/s0950268800048226,1
10.1016/j.vetpar.2005.03.020,1
10.1177/104063879801000413,1
10.7589/0090-3558-46.2.665,1
10.1016/s0304-4017(00)00400-3,1
10.7589/0090-3558-32.2.373,1
10.2307/3284556,1
10.2307/3285684,1
10.1177/030098589303000407,1
10.7589/0090-3558-29.1.139,1
10.1177/104063879500700424,1
10.7589/0090-3558-31.3.420,1
10.7589/0090-3558-33.4.880,1
10.1177/104063879801000218,1
10.1354/vp.36-6-618,1
10.2307/3285757,1
10.1136/vr.146.11.320,1
10.1177/104063870101300116,1
10.1136/vr.154.17.527,1
10.1099/vir.0.80962-0,1
10.1016/j.vetpar.2006.05.004,1
10.1016/j.vetpar.2006.08.032,1
10.7589/0090-3558-46.2.632,1
10.1645/ge-302r,1
10.1645/ge-443r,1
10.1645/ge-399r,1
10.7589/0090-3558-38.4.817,1
10.2307/3285231,1
10.1111/j.1439-0450.1994.tb00244.x,1
10.2307/3284823,1
10.1016/j.vetmic.2008.05.002,1
10.7589/0090-3558-39.4.837,1
10.1016/j.vetpar.2007.09.024,1
10.1111/j.1348-0421.2006.tb03858.x,1
10.2307/4594195,1
10.2307/3283926,1
10.1007/bf00233087,1
10.1136/vr.132.25.632,1
10.2307/3276029,1
10.3354/dao057001,1
10.1371/journal.pone.0050882,1
10.1894/0038-4909(2003)048<0720:ffapin>2.0.co;2,1
10.7589/0090-3558-40.1.1,1
10.1007/bf02381986,1
10.1645/ge-1442.1,1
10.1371/journal.pntd.0002715,1
10.1111/j.1600-0684.1991.tb00551.x,1
10.1016/j.vetpar.2007.07.019,1
10.1007/bf02381167,1
10.1017/s0031182000044267,1
10.1016/s0140-6736(83)90698-0,1
10.1002/ijc.2910330205,1
10.7589/0090-3558-38.1.202,1
10.1016/s1471-4922(01)01904-3,1
10.1007/s10344-009-0285-0,1
10.7589/0090-3558-24.1.180,1
10.1126/science.65.1680.0x-t,1
10.7589/0090-3558-33.3.480,1
10.1007/s00436-015-4451-x,1
10.2307/3280100,1
10.1128/jcm.02539-06,1
10.3201/eid1512.081692,1
10.1016/0378-1135(94)00097-g,1
10.1071/wr03061,1
10.4102/jsava.v70i2.763,1
10.1051/parasite/2002094345,1
10.1016/j.tvjl.2004.08.008,1
10.1051/parasite/1986614457,1
10.1007/s00300-007-0282-2,1
10.1186/1756-3305-2-49,1
10.1111/j.1600-0684.1998.tb00248.x,1
10.1016/j.trstmh.2008.04.041,1
10.1007/s00436-008-1021-5,1
10.7589/0090-3558-29.2.341,1
10.1080/03079459008418690,1
10.2307/3284912,1
10.7589/0090-3558-28.3.377,1
10.7589/0090-3558-34.4.811,1
10.7589/0090-3558-44.3.629,1
10.1292/jvms.66.1575,1
10.7589/0090-3558-24.4.606,1
10.1016/s0304-4017(02)00381-3,1
10.1016/s0167-5877(02)00194-0,1
10.1126/science.179.4068.60,1
10.1139/z95-005,1
10.1139/z95-269,1
10.2307/3285831,1
10.1654/1525-2647(2002)069[0001:psnpei]2.0.co;2,1
10.1654/1525-2647(2002)069[0001:psnpei]2.0.co;2,1
10.1645/ge-3503.1,1
10.1645/ge-1295.1,1
10.7589/0090-3558-26.4.447,1
10.2307/3284324,1
10.1016/j.vetpar.2006.01.028,1
10.1016/j.vetpar.2007.06.035,1
10.4269/ajtmh.1981.30.689,1
10.1007/s10764-012-9619-y,1
10.7589/0090-3558-24.2.371,1
10.1645/ge-198r,1
10.1128/cdli.3.5.554-562.1996,1
10.1136/vr.146.2.50,1
10.1017/s1367943004001234,1
10.7156/najms.2015.0802068,1
10.1016/s0020-7519(98)00229-x,1
10.2307/3282486,1
10.1139/z68-169,1
10.7589/0090-3558-26.4.528,1
10.7589/0090-3558-28.4.572,1
10.1002/ajp.20796,1
10.1016/j.vetmic.2005.12.018,1
10.1645/ge-469r,1
10.7589/0090-3558-29.4.596,1
10.2307/3286535,1
10.1093/jmedent/22.2.170,1
10.1093/jmedent/22.6.644,1
10.1093/jmedent/23.3.286,1
10.1016/j.vetpar.2004.03.017,1
10.4102/ojvr.v77i1.3,1
10.4102/ojvr.v72i4.188,1
10.1016/s0304-4017(03)00301-7,1
10.4102/jsava.v81i2.125,1
10.2307/3281636,1
10.1007/s10592-018-1071-x,1
10.1080/00445096.1972.11447447,1
10.4102/ojvr.v72i4.188,1
10.1016/j.ijppaw.2019.04.010,1
10.1007/bf00055034,1
10.1111/j.1439-0418.1988.tb00215.x,1
10.4102/ojvr.v77i1.3,1
10.4102/ojvr.v71i3.256,1
10.4102/ojvr.v77i1.3,1
10.4102/ojvr.v84i1.1302,1
10.4102/ojvr.v77i1.3,1
10.1111/j.1365-2907.1995.tb00435.x,1
10.4102/ojvr.v73i2.157,1
10.4102/ojvr.v71i1.281,1
10.4102/ojvr.v73i3.145,1
10.4102/ojvr.v74i3.126,1
10.4102/ojvr.v71i1.281,1
10.1007/bf02381324,1
10.2307/3285650,1
10.1016/j.actatropica.2004.10.010,1
10.4102/jsava.v62i1.1582,1
10.1002/ajp.20884,1
10.1159/000460021,1
10.7589/0090-3558-29.4.604,1
10.7589/0090-3558-16.2.229,1
10.1016/0034-5288(93)90070-v,1
10.1007/bf02382002,1
10.1016/0031-9384(94)90368-9,1
10.1007/bf02735188,1
10.1186/1756-3305-2-49,1
10.4038/jnsfsr.v41i4.6246,1
10.1645/ge-545r.1,1
10.1017/s0031182008005246,1
10.1007/bf02185666,1
10.1007/bf00009727,1
10.1080/106351599260120,1
10.1007/978-1-4757-9083-2_40,1
10.1007/bf02185666,1
10.1007/bf02185666,1
10.1016/0020-7519(95)00108-5,1
10.1080/10635150390250893,1
10.2113/gssgfbull.s7-xii.5.886,1
10.7589/0090-3558-25.3.335,1
10.1016/j.vetpar.2006.01.005,1
10.2478/s11687-006-0050-9,1
10.7589/0090-3558-40.4.796,1
10.1371/journal.pone.0063685,1
10.1016/j.ijpara.2007.10.013,1
10.7589/0090-3558-38.3.641,1
10.1645/ge-1319.1,1
10.1016/j.virusres.2005.06.004,1
10.7589/0090-3558-35.3.578,1
10.2307/3285168,1
10.1016/j.vetmic.2008.11.009,1
10.7589/0090-3558-22.1.83,1
10.2307/3272531,1
10.1016/s0304-4017(01)00470-8,1
10.1292/jvms.64.615,1
10.1016/j.vetpar.2004.01.011,1
10.7589/0090-3558-44.1.164,1
10.1016/j.vetpar.2006.11.002,1
10.1128/cdli.6.3.388-391.1999,1
10.1017/s0950268801005131,1
10.1111/j.1348-0421.2002.tb02738.x,1
10.1007/s00436-008-1087-0,1
10.31016/978-5-6046256-1-3.2021.22.568-574,1
10.1017/s0031182099005430,1
10.1017/s0031182006000606,1
10.1002/ajpa.10315,1
10.1002/ajp.20847,1
10.1159/000156654,1
10.1111/j.1348-0421.1983.tb03592.x,1
10.1111/j.1348-0421.1985.tb00886.x,1
10.1111/j.1348-0421.1986.tb00948.x,1
10.1002/ijc.2910400219,1
10.7589/0090-3558-34.1.155,1
10.1111/j.1348-0421.1991.tb01603.x,1
10.1111/j.1348-0421.1996.tb03311.x,1
10.7589/0090-3558-30.3.439,1
10.1292/jvms.60.1025,1
10.1007/bf02380851,1
10.1134/s1067413608020100,1
10.1111/j.1469-0691.2008.02238.x,1
10.2478/v10067-012-0008-x,1
10.1136/sti.59.3.193,1
10.1354/vp.43-6-998,1
10.2307/2426301,1
10.7589/0090-3558-36.2.248,1
10.1016/s0304-4017(01)00513-1,1
10.1016/j.vetpar.2006.09.011,1
10.2307/3285543,1
10.1016/j.vetmic.2009.07.032,1
10.1007/s00244-009-9355-2,1
10.7589/0090-3558-42.2.407,1
10.1111/j.1550-7408.1975.tb05209.x,1
10.2307/3283289,1
10.1053/jcpa.2000.0395,1
10.1128/jcm.31.4.831-835.1993,1
10.1111/j.1469-7998.1990.tb04003.x,1
10.1139/z03-211,1
10.5694/j.1326-5377.1992.tb141276.x,1
10.7589/0090-3558-37.1.201,1
10.1017/s0031182005009145,1
10.7589/0090-3558-43.2.189,1
10.1007/s00300-009-0735-x,1
10.1136/vr.141.20.513,1
10.1089/vbz.2010.0024,1
10.7589/0090-3558-28.4.623,1
10.1638/1042-7260(2000)031[0208:dtaaia]2.0.co;2,1
10.7589/0090-3558-29.4.547,1
10.1016/j.vetimm.2007.07.018,1
10.1128/jvi.68.12.8454-8460.1994,1
10.1016/j.vetpar.2009.03.016,1
10.11609/jott.zpj.18.10.1220-2,1
10.1017/s0266467405002403,1
10.2307/3279242,1
10.7589/0090-3558-22.4.515,1
10.7589/0090-3558-22.1.87,1
10.7589/0090-3558-30.2.270,1
10.7589/0090-3558-29.3.423,1
10.7589/0090-3558-39.1.136,1
10.1016/j.vetmic.2005.11.045,1
10.1073/pnas.0806449106,1
10.1371/journal.pntd.0000683,1
10.1890/07-0995.1,1
10.7589/0090-3558-24.3.385,1
10.1111/j.1600-0684.1996.tb00198.x,1
10.1007/s00442-004-1633-0,1
10.1111/j.0021-8790.2004.00836.x,1
10.3201/eid1206.060030,1
10.7589/0090-3558-33.2.365,1
10.1007/bf00006974,1
10.4314/zvj.v33i2.5374,1
10.2307/3274407,1
10.2307/3274491,1
10.7589/0090-3558-39.1.216,1
10.1007/978-94-009-1325-7_11,1
10.1638/1042-7260(2003)34[0016:beofrl]2.0.co;2,1
10.1002/ajp.20129,1
10.1638/05-025.1,1
10.1638/06-006.1,1
10.1638/05-123.1,1
10.17221/1945-vetmed,1
10.17221/1945-vetmed,1
10.1051/parasite/1988636420,1
10.1007/bf02242410,1
10.1046/j.1440-1703.2000.00344.x,1
10.1515/ap-2016-0017,1
10.1111/j.1469-0691.2008.02238.x,1
10.1016/0003-3472(74)90006-2,1
10.3201/eid1612.100424,1
10.1136/vr.150.1.12,1
10.1007/s10329-004-0103-y,1
10.1136/vr.150.1.12,1
10.7589/0090-3558-41.3.482,1
10.1007/s10764-014-9753-9,1
10.1007/bf01795891,1
10.1007/bf01795891,1
10.2327/jvas1970.10.91,1
10.24131/3247.180104,1
10.1016/j.parint.2006.08.004,1
10.1537/ase.101.187,1
10.2307/3284109,1
10.2478/s11686-010-0030-6,1
10.1111/j.1365-294x.2004.02308.x,1
10.1080/00034983.1989.11812415,1
10.1080/03759873.1949.9630658,1
10.1177/104063879600800403,1
10.1128/aem.49.1.198-200.1985,1
10.2193/2005-708,1
10.1002/ajp.20662,1
10.1007/bf02381187,1
10.1292/jvms.67.825,1
10.12935/jvma1951.37.451,1
10.1126/science.1126531,1
10.1038/nature08200,1
10.1002/0471684228.egp10404,1
10.1111/j.1365-2028.1972.tb01169.x,1
10.4102/ojvr.v80i1.562,1
10.1017/s0950268899004008,1
10.4102/ojvr.v80i1.562,1
10.4102/ojvr.v86i1.1796,1
10.1002/ajp.22040,1
10.1654/4342.1,1
10.7589/0090-3558-39.2.467,1
10.4161/pri.2.1.6321,1
10.1017/s0950268809990471,1
10.1136/vr.154.26.827,1
10.1016/0048-9697(92)90038-t,1
10.1139/z86-278,1
10.7589/0090-3558-39.3.529,1
10.2307/3224251,1
10.7589/0090-3558-7.4.317,1
10.1046/j.1439-0450.1999.00214.x,1
10.7589/0090-3558-33.3.653,1
10.1645/ge-753r1.1,1
10.7589/0090-3558-27.2.248,1
10.2307/3284290,1
10.1016/j.vetpar.2008.04.026,1
10.2478/s11686-008-0008-9,1
10.2307/3282865,1
10.1016/j.vetpar.2004.01.002,1
10.7589/0090-3558-39.1.73,1
10.7589/0090-3558-39.1.73,1
10.2307/3277021,1
10.35929/rsz.0004,1
10.35929/rsz.0004,1
10.1159/000459836,1
10.1111/j.1749-6632.2002.tb04382.x,1
10.1128/aem.61.4.1641-1642.1995,1
10.1080/03014223.1984.10428258,1
10.1016/s0378-1135(01)00497-7,1
10.7589/0090-3558-40.1.99,1
10.7589/0090-3558-23.1.86,1
10.7589/0090-3558-22.4.511,1
10.1007/978-1-4615-6424-9_36,1
10.1292/jvms1939.49.1027,1
10.7589/0090-3558-34.2.317,1
10.1080/13921657.2001.10512363,1
10.7589/0090-3558-22.1.119,1
10.1111/j.1550-7408.1987.tb03211.x,1
10.21521/mw.5786,1
10.21521/mw.6026,1
10.7589/0090-3558-33.2.278,1
10.1128/jb.00303-06,1
10.1016/j.envpol.2008.02.003,1
10.5604/1232-1966.1108584,1
10.1016/j.jcpa.2007.06.001,1
10.7589/0090-3558-33.3.492,1
10.1016/j.meegid.2008.02.010,1
10.1177/0300985811402839,1
10.1016/s0165-2427(98)00214-1,1
10.1007/s00436-006-0402-x,1
10.7589/0090-3558-22.3.432a,1
10.7589/0090-3558-22.3.418,1
10.1093/jmedent/29.4.630,1
10.7589/0090-3558-35.1.86,1
10.1128/jcm.33.9.2501-2504.1995,1
10.1638/1042-7260-43.2.438,1
10.1136/vr.151.16.482,1
10.1089/aid.1989.5.337,1
10.1645/ge-1182r.1,1
10.1292/jvms.71.425,1
10.18474/0749-8004-31.3.286,1
10.1093/jmedent/36.3.263,1
10.1603/0022-2585-37.4.640,1
10.2307/3284338,1
10.1093/jmedent/34.3.372,1
10.2307/3284843,1
10.1093/jmedent/36.6.720,1
10.1007/s10344-005-0100-5,1
10.1638/2007-0022r.1,1
10.1007/s10329-012-0311-9,1
10.7589/0090-3558-42.3.691,1
10.1016/j.vetmic.2004.04.001,1
10.17221/1931-vetmed,1
10.1007/s10344-006-0074-y,1
10.1128/jvi.68.4.2693-2707.1994,1
10.7557/2.13.4.1056,1
10.1186/s13071-018-3080-5,1
10.1007/s00436-004-1203-8,1
10.4269/ajtmh.1969.18.930,1
10.5735/086.046.0406,1
10.1002/ajp.20803,1
10.7589/0090-3558-46.4.1330,1
10.7589/0090-3558-40.4.791,1
10.1097/00007890-200004150-00037,1
10.1515/helm-2017-0029,1
10.7589/0090-3558-26.3.395,1
10.7589/0090-3558-30.2.277,1
10.1638/2013-0297.1,1
10.7589/0090-3558-45.1.1,1
10.7589/0090-3558-39.3.495,1
10.2460/ajvr.2005.66.289,1
10.1007/s10764-005-2934-9,1
10.1371/journal.ppat.1000765,1
10.1080/00034983.1994.11812889,1
10.1007/bf00448405,1
10.1007/bf00493589,1
10.1016/j.vetpar.2008.06.003,1
10.22621/cfn.v131i1.1951,1
10.1007/s10344-007-0116-0,1
10.1016/s0147-9571(97)00015-5,1
10.4102/koedoe.v23i1.644,1
10.7589/0090-3558-41.3.503,1
10.1292/jvms.68.833,1
10.1016/j.parint.2008.01.002,1
10.1007/s00436-009-1653-0,1
10.1645/ge-2187.1,1
10.1037/e451682008-001,1
10.7589/0090-3558-29.2.209,1
10.4269/ajtmh.1950.s1-30.733,1
10.1159/000460326,1
10.1007/bf01730555,1
10.1007/bf01793934,1
10.1007/bf01793935,1
10.1645/0022-3395(2000)086[0879:potgai]2.0.co;2,1
10.7589/0090-3558-37.4.761,1
10.7589/0090-3558-32.2.286,1
10.1017/s0022149x09990241,1
10.1016/0304-4017(91)90087-c,1
10.7589/0090-3558-34.4.816,1
10.2307/3285264,1
10.1603/0022-2585-39.1.241,1
10.1007/s10493-005-2563-1,1
10.3133/ofr20191138,1
10.4269/ajtmh.1945.s1-25.231,1
10.4269/ajtmh.1946.s1-26.23,1
10.4269/ajtmh.1949.s1-29.555,1
10.1179/136485909x440836,1
10.1080/00034983.1960.11685961,1
10.1051/parasite/1989643200,1
10.1590/s0074-02761990000100027,1
10.1163/9789047443568_006,1
10.1645/ge-983r.1,1
10.2307/3285265,1
10.1638/1042-7260(2000)031[0208:dtaaia]2.0.co;2,1
10.7589/0090-3558-25.2.202,1
10.1080/00034983.1995.11812931,1
10.7589/0090-3558-24.1.1,1
10.1007/bf02241870,1
10.1111/j.1948-7134.2010.00075.x,1
10.1006/viro.1994.1407,1
10.1007/bf00927817,1
10.7557/2.18.5.1543,1
10.1139/z88-067,1
10.1139/z97-168,1
10.7557/2.18.5.1543,1
10.1177/104063879901100612,1
10.1007/978-94-017-5592-4_3,1
10.24070/bjvp.1983-0246.v12i2p27-32,1
10.1016/s0304-4017(99)00221-6,1
10.1128/jvi.02433-12,1
10.1111/j.1469-1795.1998.tb00038.x,1
10.1093/jmedent/33.2.224,1
10.7589/0090-3558-33.3.656,1
10.1099/00207713-49-3-1251,1
10.1016/s0140-6736(95)90925-7,1
10.1038/emi.2014.7,1
10.7589/0090-3558-17.3.349,1
10.7589/0090-3558-22.3.432b,1
10.1371/journal.ppat.1002015,1
10.1089/088922203763315768,1
10.1089/088922203763315768,1
10.1128/jvi.78.8.4352-4356.2004,1
10.1038/nature02722,1
10.1099/vir.0.80052-0,1
10.1371/journal.ppat.0020008,1
10.1002/ajp.20298,1
10.1128/jvi.00549-08,1
10.1128/jvi.00697-10,1
10.7589/0090-3558-33.2.271,1
10.1016/j.actatropica.2003.12.003,1
10.1007/s007050170114,1
10.1007/s10152-007-0072-9,1
10.2307/3277560,1
10.2307/3284232,1
10.1645/ge-407r.1,1
10.1002/jmv.1890100105,1
10.7589/0090-3558-35.4.647,1
10.1645/ge-2050.1,1
10.1080/13921657.2007.10512836,1
10.1126/science.1092528,1
10.1086/425421,1
10.7589/0090-3558-44.4.1041,1
10.1136/vr.159.8.252,1
10.7589/0090-3558-35.4.678,1
10.1093/jmedent/28.5.668,1
10.1002/ajpa.20560,1
10.7589/0090-3558-32.3.437,1
10.1099/vir.0.81238-0,1
10.3724/sp.j.1141.2012.03241,1
10.1007/bf00012205,1
10.2307/3285239,1
10.1016/j.virol.2007.09.037,1
10.1051/vetres:2006030,1
10.7589/0090-3558-39.4.779,1
10.1017/s0022149x00013547,1
10.1638/2008-0043.1,1
10.4039/ent131151-2,1
10.7589/0090-3558-24.1.154,1
10.2307/3282557,1
10.1093/jmedent/36.3.255,1
10.2307/3285604,1
10.1645/ge-547r.1,1
10.2307/3283798,1
10.1016/s0020-7519(00)00034-5,1
10.1016/s0304-4017(01)00411-3,1
10.1016/s0304-4017(01)00494-0,1
10.2307/3285266,1
10.1016/s0304-4017(01)00390-9,1
10.1128/jvi.75.9.4103-4109.2001,1
10.1354/vp.37-6-609,1
10.1354/vp.38-6-724,1
10.1590/s0074-02762000000400002,1
10.1016/j.exppara.2006.12.005,1
10.2478/s11687-006-0036-7,1
10.7589/0090-3558-35.3.596,1
10.7589/0090-3558-33.2.246,1
10.7589/0090-3558-34.3.620,1
10.2307/3284616,1
10.1007/s10393-006-0059-z,1
10.1371/journal.ppat.1000097,1
10.1038/nature09442,1
10.1128/jcm.39.2.828a-828a.2001,1
10.1128/jcm.40.3.892-897.2002,1
10.1186/1471-2334-7-125,1
10.1016/j.virol.2008.01.049,1
10.7589/0090-3558-31.2.119,1
10.1093/jmedent/33.1.153,1
10.1128/jcm.35.7.1681-1686.1997,1
10.2307/3284284,1
10.2307/3284284,1
10.1638/05-035.1,1
10.1016/j.parint.2019.101972,1
10.1046/j.1365-2915.2002.00355.x,1
10.3181/00379727-179-42100,1
10.1007/s10329-013-0372-4,1
10.1007/bf00009898,1
10.1007/s10344-008-0215-6,1
10.7589/0090-3558-30.1.95,1
10.1007/bf02189739,1
10.1111/j.1469-1795.2009.00241.x,1
10.1016/j.vetpar.2003.08.003,1
10.4314/mcd.v8i1.4,1
10.4314/mcd.v8i1.4,1
10.1590/s0074-02761995000300004,1
10.7589/0090-3558-41.4.810,1
10.1177/104063870802000325,1
10.1645/ge-943r.1,1
10.7589/0090-3558-39.1.16,1
10.3989/pirineos.2002.v157.72,1
10.1093/jmedent/28.5.652,1
10.7589/0090-3558-28.3.449,1
10.1098/rsbl.2007.0633,1
10.1080/00364827.1992.10413483,1
10.1136/vr.160.2.58,1
10.1007/bf02239895,1
10.1007/bf02240507,1
10.1093/jmedent/34.6.599,1
10.5424/sjar/2008063-328,1
10.1016/j.vetmic.2008.05.029,1
10.1007/s00436-005-1308-8,1
10.7589/0090-3558-33.4.848,1
10.2307/3285025,1
10.2478/vzoo-2014-0025,1
10.1016/s0304-4017(01)00418-6,1
10.1007/s00436-002-0784-3,1
10.1007/s00436-005-1335-5,1
10.4102/koedoe.v13i1.727,1
10.1111/j.1469-7998.1999.tb00193.x,1
10.1136/vr.150.1.12,1
10.1016/j.vetmic.2004.04.001,1
10.1016/j.vetpar.2006.02.038,1
10.2307/3274761,1
10.1016/0021-9975(92)90017-o,1
10.1016/s0021-9975(08)80210-1,1
10.1007/s00436-003-0994-3,1
10.1002/ajp.20603,1
10.1007/s10329-010-0211-9,1
10.21521/mw.6179,1
10.4102/ojvr.v87i1.1895,1
10.1007/bf01270475,1
10.1080/00480169.2005.36588,1
10.1007/bf01632821,1
10.2478/s11687-007-0008-6,1
10.7589/0090-3558-33.4.908,1
10.7589/0090-3558-29.4.572,1
10.1638/2009-0260.1,1
10.1089/vbz.2007.0207,1
10.1515/helmin-2015-0073,1
10.7589/0090-3558-45.3.881,1
10.7589/0090-3558-22.2.178,1
10.7589/0090-3558-22.2.178,1
10.1128/jcm.33.3.541-544.1995,1
10.7589/0090-3558-31.2.159,1
10.7589/0090-3558-35.2.266,1
10.7589/0090-3558-27.4.562,1
10.7589/0090-3558-31.2.159,1
10.1079/joh2004242,1
10.1006/viro.1998.9377,1
10.7589/0090-3558-29.2.230,1
10.1017/s0266467405002403,1
10.1089/vbz.2006.0598,1
10.1139/cjr35-015,1
10.1016/0001-706x(90)90013-p,1
10.1016/b978-0-12-196880-9.50008-7,1
10.1089/aid.2004.20.1137,1
10.2307/3283945,1
10.1007/s00436-008-0990-8,1
10.1007/s10329-014-0413-7,1
10.1139/z86-302,1
10.2307/3275069,1
10.5455/vetworld.2013.139-142,1
10.1016/0378-1135(95)00018-6,1
10.1136/vr.138.18.437,1
10.1089/vbz.2007.0116,1
10.7589/0090-3558-37.1.138,1
10.1016/j.tvjl.2003.12.011,1
10.7589/0090-3558-33.2.340,1
10.7589/0090-3558-30.3.454,1
10.1017/s0022149x07739032,1
10.12980/jclm.5.2017j7-89,1
10.1093/jmedent/30.5.950,1
10.7589/0090-3558-14.1.97,1
10.1017/s0031182015000086,1
10.1638/02-053,1
10.1007/978-1-4615-6428-7_37,1
10.1016/j.ijpara.2008.09.015,1
10.1016/s0304-4017(99)00170-3,1
10.7589/0090-3558-38.3.629,1
10.1016/j.vetmic.2006.10.007,1
10.1016/j.vetpar.2008.01.003,1
10.1016/j.vetmic.2007.08.015,1
10.7589/0090-3558-45.1.238,1
10.1177/104063870902100212,1
10.3201/eid1503.081155,1
10.1016/s0020-7519(97)00129-x,1
10.1139/f96-243,1
10.4102/jsava.v70i2.761,1
10.3354/meps09572,1
10.1128/aem.01808-08,1
10.1002/jobm.19780181012,1
10.1016/0304-4017(92)90043-9,1
10.1016/s0304-4017(98)00131-9,1
10.1111/j.1748-7692.1992.tb00121.x,1
10.1111/j.1365-2915.2009.00830.x,1
10.7589/0090-3558-33.2.304,1
10.1006/mcpr.2001.0387,1
10.7589/0090-3558-41.2.435,1
10.7589/0090-3558-42.3.704,1
10.7589/0090-3558-28.1.113,1
10.1016/s0168-1702(03)00120-5,1
10.1007/s004360100452,1
10.7589/0090-3558-33.3.628,1
10.7818/ecos.1967,1
10.1016/0304-4017(93)90182-m,1
10.7589/0090-3558-35.4.799,1
10.20506/rst.23.3.1521,1
10.1016/j.vetpar.2008.10.041,1
10.12935/jvma.66.557,1
10.1017/s0022149x00008099,1
10.1111/j.1751-0813.1999.tb10276.x,1
10.1098/rspb.2005.3298,1
10.7589/0090-3558-35.1.112,1
10.1016/j.vetpar.2008.07.016,1
10.2478/s11687-006-0027-8,1
10.1016/j.vetpar.2004.01.007,1
10.1007/s00705-007-0965-6,1
10.1007/s00705-007-0965-6,1
10.1645/ge-3353,1
10.1023/a:1005914926720,1
10.1023/a:1022145926409,1
10.4269/ajtmh.1993.48.693,1
10.1051/parasite/2008154611,1
10.1111/j.1439-0450.1996.tb00300.x,1
10.3354/dao053077,1
10.7589/0090-3558-28.4.542,1
10.1292/jvms.14-0604,1
10.1111/j.1365-2656.2008.01481.x,1
10.1645/ge-798r1.1,1
10.7589/0090-3558-36.4.788,1
10.1016/j.virusres.2008.08.002,1
10.7589/0090-3558-29.1.156,1
10.1111/j.1550-7408.1971.tb03275.x,1
10.1111/j.1550-7408.1971.tb03275.x,1
10.1016/0035-9203(73)90014-x,1
10.1016/0035-9203(73)90014-x,1
10.4269/ajtmh.1936.s1-16.383,1
10.1016/j.tvjl.2007.01.028,1
10.7589/0090-3558-41.3.615,1
10.7589/0090-3558-42.2.415,1
10.1002/ajp.1350170204,1
10.1002/(sici)1098-2345(199911)49:3<243::aid-ajp3>3.0.co;2-4,1
10.1111/j.1751-0813.1995.tb03486.x,1
10.22621/cfn.v120i2.286,1
10.2307/3274599,1
10.1080/00480169.1996.35977,1
10.7589/0090-3558-25.2.252,1
10.1111/j.1751-0813.1985.tb14129.x,1
10.2193/0084-0173(2006)164[1:eofpia]2.0.co;2,1
10.7589/0090-3558-27.1.156,1
10.7589/0090-3558-29.1.73,1
10.7589/0090-3558-32.3.444,1
10.7589/0090-3558-25.4.636,1
10.1093/jmammal/34.1.123,1
10.7589/0090-3558-23.3.418,1
10.7589/0090-3558-27.4.693,1
10.7589/0090-3558-28.2.171,1
10.1007/978-3-319-24237-8_426,1
10.7589/0090-3558-35.4.779,1
10.1139/f96-342,1
10.7589/0090-3558-40.2.294,1
10.1111/j.1439-0450.1992.tb01162.x,1
10.7589/0090-3558-29.2.330,1
10.2307/3802464,1
10.22621/cfn.v124i3.1076,1
10.1674/0003-0031(2001)145[0206:pogkwd]2.0.co;2,1
10.7589/0090-3558-22.1.104,1
10.7589/0090-3558-33.2.321,1
10.7589/0090-3558-44.4.824,1
10.1007/978-3-642-78204-6_2,1
10.7589/0090-3558-45.2.527,1
10.1371/journal.pone.0004744,1
10.7589/0090-3558-46.2.655,1
10.1080/02541858.1982.11447785,1
10.1638/04-078.1,1
10.1016/j.vetpar.2006.09.029,1
10.1007/s00248-013-0257-5,1
10.7589/0090-3558-28.3.481,1
10.17582/journal.pjz/20200728150743,1
10.1007/bf02382927,1
10.1016/j.vetpar.2007.12.006,1
10.1046/j.1600-0684.2003.00037.x,1
10.1016/0378-1135(89)90067-9,1
10.1016/j.vetmic.2008.07.023,1
10.1111/j.1749-6632.2002.tb04387.x,1
10.1111/j.1365-2028.1992.tb00484.x,1
10.1016/0304-4017(94)90182-1,1
10.1017/s0007485300052172,1
10.1590/s0100-736x2009001200001,1
10.1017/s0022149x07869203,1
10.1007/bf02241553,1
10.1007/s10344-008-0246-z,1
10.20506/rst.23.3.1529,1
10.1007/s10344-003-0032-x,1
10.1017/s003118200700248x,1
10.1111/j.1365-2915.2007.00696.x,1
10.7589/0090-3558-44.3.701,1
10.1089/vbz.2008.0081,1
10.1016/j.tvjl.2008.04.005,1
10.1016/0035-9203(60)90211-x,1
10.2307/3275172,1
10.1136/vr.151.20.610,1
10.7589/0090-3558-36.4.676,1
10.2307/3668803,1
10.7589/0090-3558-36.4.798,1
10.2307/3285140,1
10.1007/s004360000340,1
10.1016/s0020-7519(02)00069-3,1
10.1645/ge-653r.1,1
10.1007/s11259-006-3167-x,1
10.1638/2007-0002.1,1
10.1016/j.vetpar.2008.01.015,1
10.1016/j.ijpara.2008.02.005,1
10.7589/0090-3558-45.3.863,1
10.1016/j.ijpara.2009.04.014,1
10.1051/vetres/2009049,1
10.4102/jsava.v76i4.432,1
10.1007/978-1-4612-4918-4_17,1
10.1111/j.1469-7998.1996.tb05435.x,1
10.1006/bbrc.1993.2028,1
10.4269/ajtmh.1966.15.190,1
10.2478/s11687-009-0007-x,1
10.1645/ge-743r.1,1
10.7589/0090-3558-35.2.347,1
10.2307/3285553,1
10.2478/s11687-006-0015-z,1
10.2478/s11687-009-0015-x,1
10.1201/9781420040487-8,1
10.5455/vetworld.2011.378-379,1
10.1159/000149626,1
10.1007/s00705-009-0475-9,1
10.1093/jmedent/31.3.500,1
10.7589/0090-3558-29.4.608,1
10.2307/3802647,1
10.1016/j.vetpar.2005.01.010,1
10.1017/s0031182008004198,1
10.7589/0090-3558-42.2.359,1
10.1016/j.vetmic.2004.01.007,1
10.1016/0378-1135(95)00012-y,1
10.1017/s0031182007003423,1
10.1645/ge-1643.1,1
10.1590/s1519-69842003000400022,1
10.1111/j.1600-0684.2005.00139.x,1
10.1007/s00436-007-0652-2,1
10.1159/000459826,1
10.1093/beheco/6.1.94,1
10.1007/bf00052923,1
10.1111/j.1365-2028.1996.tb00594.x,1
10.1163/156853998792640413,1
10.1139/z98-201,1
10.7589/0090-3558-42.4.870,1
10.17221/1927-vetmed,1
10.1016/j.theriogenology.2008.10.016,1
10.7589/0090-3558-41.1.149,1
10.1016/j.vetpar.2008.02.030,1
10.7589/0090-3558-25.3.342,1
10.7589/0090-3558-41.2.298,1
10.7589/0090-3558-44.3.697,1
10.1017/s0022149x00001048,1
10.1099/vir.0.003939-0,1
10.1126/science.7754392,1
10.7589/0090-3558-14.3.314,1
10.1136/vr.152.8.237,1
10.1016/j.vetpar.2009.05.001,1
10.1016/s0167-5877(96)01130-0,1
10.1017/cbo9780511661631.014,1
10.1002/ajp.20106,1
10.1186/1751-0759-4-21,1
10.7589/0090-3558-34.2.251,1
10.1128/jvi.67.3.1227-1235.1993,1
10.1007/s10344-009-0357-1,1
10.1007/s10764-007-9119-7,1
10.2307/3283987,1
10.1017/s0031182000076952,1
10.1017/s0031182097001698,1
10.1017/s0031182098003813,1
10.7589/0090-3558-32.2.348,1
10.1016/s1342-937x(05)70213-6,1
10.1111/j.1558-5646.1991.tb02668.x,1
10.1016/s0304-4017(98)00143-5,1
10.1016/0048-9697(92)90033-o,1
10.7589/0090-3558-40.1.23,1
10.7589/0090-3558-41.3.542,1
10.1111/j.1365-2028.2005.00588.x,1
10.1111/j.1365-2028.2007.00758.x,1
10.1007/bf03289113,1
10.1007/978-1-4757-9083-2_43,1
10.1016/s0304-4017(97)00021-6,1
10.7589/0090-3558-25.2.300,1
10.1016/j.vetpar.2007.02.017,1
10.1016/j.rvsc.2009.05.020,1
10.1638/1042-7260(2000)031[0176:ipobpc]2.0.co;2,1
10.1128/jvi.01104-13,1
10.7589/0090-3558-26.4.554,1
10.1016/s0140-6736(83)92027-5,1
10.4102/ojvr.v72i2.210,1
10.1007/bf01730965,1
10.1007/bf01730555,1
10.1111/j.1550-7408.1968.tb02137.x,1
10.2307/3224900,1
10.1007/s11259-007-3519-1,1
10.1590/s0036-46651996000400006,1
10.1016/s1383-5769(00)00049-0,1
10.1016/j.jcpa.2009.05.003,1
10.1292/jvms.001661,1
10.1016/j.vetmic.2008.10.017,1
10.1051/parasite/1988636448,1
10.1007/s10393-008-0207-8,1
10.2307/3282961,1
10.1007/s00436-002-0702-8,1
10.7589/0090-3558-39.1.244,1
10.1128/jvi.02129-09,1
10.1645/ge-934r.1,1
10.1638/1042-7260(2002)033[0242:mawmda]2.0.co;2,1
10.7589/0090-3558-42.3.511,1
10.3957/0379-4369-38.1.42,1
10.4102/jsava.v77i4.375,1
10.1139/z73-136,1
10.1016/0035-9203(60)90111-5,1
10.1002/ajpa.1330280227,1
10.1080/00034983.1963.11686186,1
10.1016/0035-9203(65)90153-7,1
10.7589/0090-3558-39.3.593,1
10.1136/vr.118.10.267,1
10.1136/vr.137.22.562,1
10.1177/104063870501700516,1
10.1177/104063870501700516,1
10.7589/0090-3558-29.4.561,1
10.7589/0090-3558-30.1.103,1
10.1017/s0950268896007340,1
10.1017/s0031182001008265,1
10.1139/z01-216,1
10.1136/vr.155.6.180,1
10.1016/s0304-4017(97)00161-1,1
10.1002/ajp.22379,1
10.1371/journal.pone.0040740,1
10.7589/0090-3558-36.3.584,1
10.14430/arctic1214,1
10.7589/0090-3558-37.1.89,1
10.7589/0090-3558-41.1.126,1
10.7589/0090-3558-38.3.607,1
10.1128/jcm.41.5.2249-2254.2003,1
10.1046/j.1439-0450.2001.00448.x,1
10.7557/2.8.1.736,1
10.7557/2.14.3.1143,1
10.1186/1751-0147-50-14,1
10.1111/j.1365-3164.2005.00439.x,1
10.1111/j.1365-3164.2003.00351.x,1
10.2307/3285672,1
10.3354/dao069153,1
10.1016/j.virol.2006.01.020,1
10.1017/s0031182098002844,1
10.7589/0090-3558-38.1.177,1
10.7589/0090-3558-39.1.221,1
10.1645/ge-962r1.1,1
10.1016/j.jcpa.2004.01.001,1
10.1007/s00436-006-0299-4,1
10.2478/s11686-013-0121-2,1
10.2307/3284644,1
10.7589/0090-3558-42.1.154,1
10.5962/bhl.part.1065,1
10.1186/bf03546935,1
10.7589/0090-3558-37.3.608,1
10.1016/s0167-5877(02)00010-7,1
10.7589/0090-3558-44.4.802,1
10.1111/j.1749-6632.1988.tb31887.x,1
10.1016/0007-1935(91)90104-u,1
10.1079/joh10.1076/2002117,1
10.1177/030098589303000403,1
10.1177/104063879400600113,1
10.7589/0090-3558-35.1.101,1
10.7589/0090-3558-36.2.370,1
10.1111/j.1365-2028.2007.00822.x,1
10.1111/j.0141-6707.2004.00484.x,1
10.1046/j.1365-2028.1999.00179.x,1
10.1023/a:1006090232343,1
10.1016/s0003-9365(86)80060-4,1
10.1007/978-3-662-06820-5_26,1
10.1007/s00436-015-4619-4,1
10.2307/3284724,1
10.1017/s0031182000075971,1
10.7589/0090-3558-38.4.796,1
10.1016/s0378-1135(01)00371-6,1
10.1136/vr.148.5.148,1
10.1002/jobm.200390016,1
10.1111/j.1348-0421.2004.tb03610.x,1
10.1292/jvms.71.1035,1
10.2307/3285395,1
10.1292/jvms1939.46.257,1
10.1111/j.1365-2028.1987.tb01121.x,1
10.1111/j.1365-2028.2006.00643.x,1
10.1645/ge-1590.1,1
10.1080/00364827.1998.10413690,1
10.1016/j.vetmic.2005.04.014,1
10.1016/s0167-5877(03)00055-2,1
10.1007/s10344-007-0105-3,1
10.1016/j.vetpar.2008.03.002,1
10.1007/s10344-007-0137-8,1
10.1093/jmedent/36.5.578,1
10.1007/s004360050438,1
10.1093/jmammal/83.1.199,1
10.7589/0090-3558-33.3.646,1
10.1111/j.1365-2028.1993.tb00515.x,1
10.7589/0090-3558-25.2.218,1
10.1111/j.1749-6632.2003.tb07344.x,1
10.1111/j.1469-0691.2008.02238.x,1
10.1638/1042-7260(2001)032[0025:dofcii]2.0.co;2,1
10.1016/0378-1135(90)90165-r,1
10.1038/42163,1
10.1016/s0531-5131(01)00647-1,1
10.7589/0090-3558-39.3.696,1
10.7589/0090-3558-43.3.508,1
10.1007/s00436-007-0554-3,1
10.1016/j.vetpar.2009.08.027,1
10.1016/b978-141604047-7.50034-8,1
10.1111/j.1751-0813.1985.tb14133.x,1
10.1656/1092-6194(2004)011[0137:rriric]2.0.co;2,1
10.3354/dao065099,1
10.1186/1471-2148-11-299,1
10.1645/ge-100r1,1
10.1017/s0950268805003699,1
10.1292/jvms.67.1185,1
10.1007/bf02215146,1
10.1111/j.1365-2915.1996.tb00757.x,1
10.2193/0091-7648(2005)33[1406:mporrb]2.0.co;2,1
10.7589/0090-3558-44.3.594,1
10.1645/ge-1998.1,1
10.3201/eid1704.100883,1
10.2307/3280616,1
10.2307/3280523,1
10.1017/s0022149x00008099,1
10.17221/5581-vetmed,1
10.1007/s10344-007-0143-x,1
10.1007/s10344-008-0206-7,1
10.7589/0090-3558-30.4.586,1
10.1292/jvms.60.137,1
10.18805/ijar.b-559,1
10.1017/s0022149x00015960,1
10.7589/0090-3558-46.2.570,1
10.2307/3281722,1
10.1007/s10764-013-9728-2,1
10.1159/000348287,1
10.1016/j.rvsc.2005.05.010,1
10.1645/ge-1593.1,1
10.1093/jmedent/32.2.201,1
10.7589/0090-3558-30.3.472,1
10.7589/0090-3558-32.3.531,1
10.7589/0090-3558-30.2.205,1
10.5962/bhl.part.16303,1
10.17221/2057-vetmed,1
10.1016/s0378-1135(00)00309-6,1
10.17221/5815-vetmed,1
10.1007/s10344-007-0120-4,1
10.1002/ajp.22046,1
10.7589/0090-3558-44.3.578,1
10.7589/0090-3558-21.1.66,1
10.3201/eid0805.010522,1
10.1136/vr.94.21.493,1
10.1016/0020-7519(74)90055-1,1
10.1136/vr.149.18.561,1
10.1111/j.1600-0684.1993.tb00663.x,1
10.1007/s00265-004-0820-7,1
10.1111/j.0030-1299.2005.14120.x,1
10.1016/j.cimid.2006.01.003,1
10.1007/978-94-009-0837-6_9,1
10.7589/0090-3558-24.1.105,1
10.7589/0090-3558-31.4.558,1
10.1051/parasite/200108s2081,1
10.7589/0090-3558-39.3.683,1
10.7589/0090-3558-40.3.543,1
10.7589/0090-3558-20.2.161,1
10.7589/0090-3558-30.4.557,1
10.7589/0090-3558-30.2.267,1
10.7589/0090-3558-44.4.1032,1
10.4102/jsava.v69i2.813,1
10.1080/20786204.2014.10855349,1
10.1128/iai.66.4.1500-1506.1998,1
10.7589/0090-3558-36.3.531,1
10.1111/icad.12021,1
10.2307/3284152,1
10.1645/0022-3395(2003)089[0315:asotgn]2.0.co;2,1
10.1136/vr.148.13.414,1
10.7589/0090-3558-21.2.149,1
10.1128/aem.67.3.1154-1162.2001,1
10.1051/parasite/1990651022,1
10.2307/3282570,1
10.1098/rstb.1976.0089,1
10.1007/s10764-010-9439-x,1
10.3201/eid1107.040724,1
10.1007/bf00009745,1
10.1159/000155399,1
10.1007/s11250-008-9224-4,1
10.1136/vr.155.5.135,1
10.7589/0090-3558-44.4.791,1
10.1002/ajpa.1330730215,1
10.1111/j.1600-0684.1988.tb00376.x,1
10.1111/j.1600-0684.1994.tb00088.x,1
10.7589/0090-3558-27.3.498,1
10.1017/s0952836904005680,1
10.2307/3283177,1
10.7589/0090-3558-34.1.132,1
10.7589/0090-3558-38.1.219,1
10.7589/0090-3558-38.4.851,1
10.4269/ajtmh.1983.32.2.tm0320020434a,1
10.1016/s0140-6736(67)91303-7,1
10.1590/s0074-02761976000100005,1
10.1590/s0101-81751998000400030,1
10.1016/j.vetmic.2006.09.001,1
10.1007/s00442-007-0942-5,1
10.7589/0090-3558-25.4.605,1
10.2307/3285269,1
10.1007/978-3-642-84924-4_27,1
10.1017/s0022149x00023269,1
10.2307/3225961,1
10.2307/3225961,1
10.1139/z71-176,1
10.1136/vr.157.10.292,1
10.2307/3281636,1
10.7589/0090-3558-24.4.650,1
10.1002/ajpa.22888,1
10.1051/parasite/1993685203,1
10.1017/s0031182000077015,1
10.1017/s0031182000077015,1
10.1139/z86-354,1
10.14430/arctic108,1
10.3354/meps287241,1
10.2307/3276409,1
10.1017/s0022149x07821286,1
10.1111/j.1600-0684.1992.tb00583.x,1
10.1017/s0022149x9900013x,1
10.1016/s0020-7519(99)00135-6,1
10.1016/s0304-4017(99)00179-x,1
10.2307/3283906,1
10.2307/3284388,1
10.2307/3284561,1
10.2307/3285270,1
10.1016/j.vetpar.2004.07.020,1
10.1016/j.ijpara.2005.03.013,1
10.3354/dao01920,1
10.7589/0090-3558-28.1.57,1
10.1016/j.vetpar.2007.09.006,1
10.1016/j.vetpar.2007.11.011,1
10.4102/jsava.v79i3.260,1
10.1139/z94-250,1
10.1078/0044-5231-00076,1
10.1007/978-1-4939-1960-4_7,1
10.1073/pnas.0914440107,1
10.1073/pnas.1109368108,1
10.2307/1375532,1
10.2298/vetgl0506611g,1
10.1093/jmedent/31.6.915,1
10.2307/3283907,1
10.2307/3283362,1
10.1515/9783110803839.205,1
10.1128/jcm.37.4.1168-1169.1999,1
10.7589/0090-3558-36.3.494,1
10.7589/0090-3558-44.4.992,1
10.7589/0090-3558-26.4.453,1
10.7589/0090-3558-25.2.291,1
10.7589/0090-3558-26.4.535,1
10.1111/j.1748-1090.1990.tb03344.x,1
10.1638/2008-0194.1,1
10.7589/0090-3558-45.2.502,1
10.7589/0090-3558-30.1.1,1
10.1016/s0304-4017(00)00286-7,1
10.1051/parasite/1979545527,1
10.5962/bhl.part.82441,1
10.7589/0090-3558-12.4.504,1
10.7589/0090-3558-25.3.378,1
10.7589/0090-3558-30.3.346,1
10.2307/3283572,1
10.1654/4367.1,1
10.1016/j.jinf.2004.02.004,1
10.1080/00480169./1995.35916,1
10.1080/00480169./1995.35915,1
10.4314/mcd.v4i2.48650,1
10.4314/mcd.v4i2.48650,1
10.3354/esr00255,1
10.4314/mcd.v4i2.48650,1
10.7589/0090-3558-45.2.531,1
10.20506/rst.26.3.1779,1
10.1007/bf02189989,1
10.2478/pjvs-2014-0077,1
10.1051/vetres:2004039,1
10.1128/cvi.00307-06,1
10.1016/b978-1-4557-7397-8.00049-9,1
10.1603/0022-2585-37.1.126,1
10.1016/s0020-7519(01)00280-6,1
10.1016/s0020-7519(03)00127-9,1
10.1654/1525-2647(2003)070[0001:tpnsft]2.0.co;2,1
10.1654/4188,1
10.2307/3274850,1
10.1638/1042-7260(2003)034[0274:paotsp]2.0.co;2,1
10.11646/zootaxa.483.1.1,1
10.1590/s0074-02761988000200006,1
10.3402/mehd.v16i1.7948,1
10.1654/4086,1
10.1645/ge-384r,1
10.1007/s00436-008-1028-y,1
10.1111/j.1748-1090.1962.tb03379.x,1
10.4102/koedoe.v36i1.366,1
10.1016/j.vetpar.2004.09.032,1
10.1007/s00436-005-1481-9,1
10.7589/0090-3558-37.4.755,1
10.1007/s00436-007-0520-0,1
10.7589/0090-3558-30.3.445,1
10.7589/0090-3558-31.3.432,1
10.7589/0090-3558-33.2.290,1
10.7589/0090-3558-37.1.101,1
10.15298/rusjtheriol.05.1.05,1
10.2478/s11687-009-0007-x,1
10.7589/0090-3558-45.1.248,1
10.1097/00042560-199812150-00015,1
10.1016/0304-4017(94)00736-v,1
10.1654/4199,1
10.7589/0090-3558-28.3.485,1
10.1089/153036603322662174,1
10.2307/3283710,1
10.1080/13693780701553002,1
10.7589/0090-3558-28.1.130,1
10.7589/0090-3558-29.3.512,1
10.7589/0090-3558-11.2.272,1
10.2307/3800717,1
10.1038/hdy.2008.18,1
10.1354/vp.45-4-516,1
10.1080/00222938700770401,1
10.7589/0090-3558-40.1.11,1
10.2193/2005-615,1
10.2307/3858284,1
10.1007/s004360050583,1
10.1099/vir.0.015222-0,1
10.1051/parasite/2008151077,1
10.1007/978-3-030-72353-8_2,1
10.11158/saa.15.2.3,1
10.1515/mamm.2006.020,1
10.1637/8459-082708-resnote.1,1
10.1007/s10344-007-0141-z,1
10.1111/j.1751-0813.2005.tb15634.x,1
10.1017/s0022149x08996954,1
10.1163/18759866-08304001,1
10.1111/j.1439-0264.1998.tb00178.x,1
10.1016/s0764-4469(00)00145-1,1
10.1080/17843286.1953.11717243,1
10.1590/s0102-09352006000500043,1
10.1007/s00436-006-0268-y,1
10.1111/j.1365-2915.2007.00696.x,1
10.7589/0090-3558-37.2.258,1
10.1093/jmammal/82.1.231,1
10.1038/379441a0,1
10.7589/0090-3558-29.1.36,1
10.7589/0090-3558-42.2.234,1
10.1007/s10344-007-0122-2,1
10.1016/j.virol.2009.04.011,1
10.7589/0090-3558-36.4.723,1
10.2460/javma.244.5.588,1
10.2307/3802831,1
10.7589/0090-3558-11.2.189,1
10.7589/0090-3558-44.1.28,1
10.2478/acve-2014-0028,1
10.7589/0090-3558-37.2.289,1
10.1016/j.vetmic.2008.04.032,1
10.1007/s10344-006-0033-7,1
10.7589/0090-3558-42.3.589,1
10.7589/0090-3558-43.2.300,1
10.7589/0090-3558-29.3.390,1
10.1017/s0031182000086303,1
10.1007/s10344-006-0067-x,1
10.1016/s0034-5288(18)31176-7,1
10.1016/j.prevetmed.2005.12.007,1
10.1645/ge-1057r.1,1
10.1645/ge-1454.1,1
10.1111/j.1749-6632.2002.tb04402.x,1
10.1645/ge-1454.1,1
10.1645/ge-1454.1,1
10.1638/1042-7260(2000)031[0208:dtaaia]2.0.co;2,1
10.7589/0090-3558-36.1.157,1
10.1017/s0022149x00033617,1
10.1002/ajp.22094,1
10.4269/ajtmh.1972.21.234,1
10.1638/2006-0027r.1,1
10.1099/00207713-42-2-211,1
10.1016/j.vetpar.2006.03.033,1
10.1016/j.vetmic.2007.06.020,1
10.7589/0090-3558-11.2.272,1
10.1645/ge-2976.1,1
10.1016/j.vetmic.2008.08.005,1
10.7589/0090-3558-41.1.58,1
10.7589/0090-3558-42.1.182,1
10.1016/j.virusres.2007.04.024,1
10.1007/978-3-662-08636-0_16,1
10.7589/0090-3558-34.2.386,1
10.1139/cjz-78-6-1042,1
10.1645/0022-3395(2003)089[0319:rtsodi]2.0.co;2,1
10.1034/j.1600-0706.2003.12590.x,1
10.1111/j.0030-1299.2004.12749.x,1
10.1645/ge-720r.1,1
10.1016/j.vetpar.2006.02.015,1
10.7589/0090-3558-42.3.545,1
10.7589/0090-3558-33.4.873,1
10.1007/bf02765225,1
10.1292/jvms.60.639,1
10.1006/viro.1993.1035,1
10.1006/viro.1994.1033,1
10.2307/3285406,1
10.7589/0090-3558-34.4.834,1
10.1016/0020-7519(96)00056-2,1
10.1016/j.vetmic.2008.10.001,1
10.7589/0090-3558-43.3.425,1
10.1645/ge-970r1.1,1
10.1139/z85-215,1
10.7589/0090-3558-14.2.165,1
10.7589/0090-3558-37.2.342,1
10.1017/s0022149x00018927,1
10.2307/3275222,1
10.7589/0090-3558-43.3.432,1
10.14411/fp.2016.011,1
10.1128/jvi.79.19.12515-12527.2005,1
10.2307/3793375,1
10.5248/108.201,1
10.1126/science.295.5554.465,1
10.7589/0090-3558-36.4.779,1
10.2307/3285272,1
10.1645/ge-3376,1
10.1645/ge-1109.1,1
10.1590/s0102-09352004000600016,1
10.7589/0090-3558-45.1.221,1
10.1111/j.1600-0684.1987.tb00331.x,1
10.1371/journal.pbio.0020106,1
10.1007/s11230-005-3131-0,1
10.1580/1080-6032(2001)012[0214:aocl]2.0.co;2,1
10.1292/jvms.68.311,1
10.1292/jvms.61.1023,1
10.1292/jvms.61.1339,1
10.1292/jvms.68.693,1
10.1292/jvms.68.681,1
10.1007/s10344-007-0133-z,1
10.1128/jcm.00292-07,1
10.7589/0090-3558-22.1.36,1
10.1554/04-312,1
10.7589/0090-3558-17.2.217,1
10.1111/j.1758-2229.2011.00316.x,1
10.1017/s0031182005007936,1
10.7589/0090-3558-38.1.84,1
10.7589/0090-3558-33.4.749,1
10.7589/0090-3558-23.1.162,1
10.1089/vbz.2008.0036,1
10.7589/0090-3558-43.3.533,1
10.2307/3809456,1
10.7589/0090-3558-38.1.47,1
10.1016/s0021-9975(08)80019-9,1
10.18061/ojs.v119i2.6967,1
10.1007/s004360050523,1
10.7589/0090-3558-45.3.748,1
10.3354/esr00304,1
10.1007/978-3-642-61749-2_13,1
10.1139/z81-269,1
10.7589/0090-3558-19.1.54,1
10.14411/fp.2003.041,1
10.14411/fp.2003.041,1
10.2478/s11686-007-0012-5,1
10.2307/3274151,1
10.2307/3284700,1
10.7589/0090-3558-28.1.138,1
10.1007/s10764-007-9225-6,1
10.1099/jmm.0.022491-0,1
10.1080/15627020.2006.11407368,1
10.7589/0090-3558-31.4.529,1
10.2307/3278464,1
10.23880/jenr-16000110,1
10.2307/1295958,1
10.4269/ajtmh.1983.32.854,1
10.1007/bf01730644,1
10.7589/0090-3558-38.2.385,1
10.4269/ajtmh.1987.36.133,1
10.1017/s0031182009006362,1
10.1007/s004360050707,1
10.1007/s004360050026,1
10.1007/s004360000373,1
10.1007/s004360100461,1
10.1007/s00436-001-0521-3,1
10.1007/s00436-001-0582-3,1
10.1007/s00436-001-0521-3,1
10.1007/s00436-002-0700-x,1
10.1007/s00436-002-0701-9,1
10.1007/s004360050708,1
10.1007/978-1-4615-6424-9_37,1
10.1007/978-1-4615-6424-9_37,1
10.3923/rjvs.2009.1.9,1
10.7589/0090-3558-43.3.366,1
10.1139/z80-219,1
10.7589/0090-3558-43.4.775,1
10.4098/at.arch.00-25,1
10.1016/j.jcpa.2007.04.018,1
10.2307/3285424,1
10.2307/3282643,1
10.7589/0090-3558-32.1.80,1
10.1136/vr.147.15.421,1
10.7589/0090-3558-16.2.225,1
10.1136/vr.139.18.443,1
10.1136/vr.141.8.191,1
10.1053/rvsc.2000.0384,1
10.1136/vr.147.9.239,1
10.1136/vr.134.12.292,1
10.1136/vr.156.14.442,1
10.1136/vr.164.13.397,1
10.7589/0090-3558-31.4.467,1
10.7589/0090-3558-33.2.377,1
10.1046/j.1526-100x.2000.80067.x,1
10.1136/vr.120.4.92,1
10.1007/s00436-003-0893-7,1
10.7589/0090-3558-23.4.534,1
10.7589/0090-3558-29.3.440,1
10.1017/s0022149x09990514,1
10.1007/s10344-005-0112-1,1
10.17221/1975-vetmed,1
10.1016/j.vetpar.2008.05.011,1
10.7589/0090-3558-33.1.40,1
10.1645/ge-3567rn.1,1
10.1007/s10344-007-0150-y,1
10.7589/0090-3558-46.1.251,1
10.1007/978-94-011-5970-8_9,1
10.1638/1042-7260(2000)031[0322:gpomgg]2.0.co;2,1
10.7589/0090-3558-31.2.125,1
10.2307/3795722,1
10.1016/b978-0-12-176850-8.50009-3,1
10.2307/1383113,1
10.2307/3802556,1
10.7589/0090-3558-31.1.15,1
10.4102/ojvr.v73i1.171,1
10.1016/s0140-6736(80)92495-2,1
10.1139/z86-057,1
10.1016/0304-4017(92)90062-e,1
10.7589/0090-3558-31.4.555,1
10.1136/vr.l6296,1
10.1016/j.vetpar.2003.09.017,1
10.2478/s11687-006-0037-6,1
10.1002/ajp.20601,1
10.2307/3282233,1
10.7589/0090-3558-24.4.722,1
10.7589/0090-3558-25.2.294,1
10.2307/3281430,1
10.7589/0090-3558-25.2.273,1
10.7589/0090-3558-25.1.130,1
10.7589/0090-3558-25.4.629,1
10.2307/3282827,1
10.2307/3283568,1
10.1007/s00436-006-0229-5,1
10.1016/j.vetpar.2007.06.038,1
10.1016/j.vetmic.2007.06.014,1
10.1016/j.vetpar.2008.05.009,1
10.1016/j.vetpar.2008.05.003,1
10.1007/bf02356958,1
10.1016/s0020-7519(97)00143-4,1
10.31276/vjste.60(3).67,1
10.1016/j.rvsc.2004.07.010,1
10.1128/jvi.75.15.7086-7096.2001,1
10.4269/ajtmh.1974.23.862,1
10.1016/s0165-2427(02)00129-0,1
10.7589/0090-3558-45.4.1231,1
10.1007/bf02381879,1
10.1016/j.vetmic.2007.09.019,1
10.3957/056.039.0103,1
10.1007/978-1-4757-1656-6_58,1
10.1080/15627020.2002.11657150,1
10.1007/s00436-005-1390-y,1
10.7589/0090-3558-22.3.416,1
10.7589/0090-3558-46.2.450,1
10.7589/0090-3558-20.4.319,1
10.1354/vp.39-1-110,1
10.1177/104063870301500505,1
10.7589/0090-3558-43.2.179,1
10.1080/03721426.2008.10887086,1
10.3201/eid0903.020320,1
10.1016/s0304-4017(03)00216-4,1
10.1016/s0304-4017(03)00217-6,1
10.1179/000349804225003343,1
10.1016/j.vetpar.2004.11.025,1
10.1136/vr.132.7.163,1
10.1093/jmedent/33.1.183,1
10.1016/s0034-5288(18)30756-2,1
10.7589/0090-3558-28.2.306,1
10.7589/0090-3558-22.2.250,1
10.7589/0090-3558-22.3.320,1
10.7589/0090-3558-29.3.377,1
10.7589/0090-3558-31.3.331,1
10.2307/3223219,1
10.1177/104063870301500610,1
10.1051/parasite/1989642134,1
10.7557/2.10.3.887,1
10.1017/s0022149x00001620,1
10.1017/s0022149x99000414,1
10.1007/s10344-007-0161-8,1
10.1016/j.vetpar.2005.12.022,1
10.1007/bf01317275,1
10.1080/00359199809520372,1
10.1017/s0031182002001749,1
10.1016/s0020-7519(02)00071-1,1
10.1046/j.1365-2656.2002.00659.x,1
10.1017/s0031182009990953,1
10.7589/0090-3558-46.2.348,1
10.1139/z02-016,1
10.3354/dao01905,1
10.2307/3284724,1
10.1111/j.1550-7408.1998.tb05076.x,1
10.1111/j.1469-7998.1996.tb05480.x,1
10.2307/3279676,1
10.1046/j.1523-1739.1996.10020539.x,1
10.7589/0090-3558-26.4.547,1
10.1002/ajp.1042,1
10.7589/0090-3558-23.1.113,1
10.7589/0090-3558-38.1.1,1
10.7589/0090-3558-38.1.1,1
10.7589/0090-3558-42.1.170,1
10.1136/vr.134.19.502,1
10.2307/3799205,1
10.1016/s0304-4017(98)00226-x,1
10.1186/bf03548154,1
10.1186/bf03548236,1
10.1016/0304-4017(91)90095-d,1
10.1292/jvms.60.745,1
10.1016/j.vetpar.2007.12.017,1
10.1016/j.vetpar.2007.11.012,1
10.1638/2019-0084,1
10.1638/04-078.1,1
10.1292/jvms1939.48.1279,1
10.7589/0090-3558-29.3.384,1
10.1292/jvms.59.387,1
10.1016/s0034-5288(18)34863-x,1
10.1638/1042-7260(2000)031[0576:cfcfii]2.0.co;2,1
10.1093/jmedent/40.3.268,1
10.1111/j.1439-0450.1994.tb00272.x,1
10.2478/s11687-007-0038-0,1
10.1645/ge-1440.1,1
10.1007/s11686-021-00452-x,1
10.1016/j.vetpar.2006.06.008,1
10.1016/j.vetpar.2008.06.014,1
10.1007/978-1-4615-6422-5_39,1
10.1093/jee/25.6.1208,1
10.1111/j.1439-0450.2006.01003.x,1
10.1292/jvms.68.375,1
10.1292/jvms.63.457,1
10.7601/mez.52.297,1
10.1292/jvms.66.743,1
10.1016/j.cimid.2008.07.003,1
10.1128/jvi.76.4.1642-1648.2002,1
10.1016/j.ijpara.2007.09.014,1
10.4269/ajtmh.1998.59.452,1
10.2307/j.ctvx06zqq.27,1
10.1093/jmedent/31.6.880,1
10.1016/j.vetpar.2007.09.017,1
10.1089/vbz.2008.0001,1
10.1007/bf01733670,1
10.1017/s0031182003004438,1
10.1645/ge-3526.1,1
10.1186/s12917-016-0813-6,1
10.1016/b978-0-12-072405-5.50018-4,1
10.1046/j.1600-0684.2003.00037.x,1
10.7589/0090-3558-21.2.137,1
10.7589/0090-3558-32.2.322,1
10.7589/0090-3558-32.2.326,1
10.7589/0090-3558-33.2.308,1
10.1645/ge-436r.1,1
10.1016/0035-9203(72)90028-4,1
10.7589/0090-3558-38.1.107,1
10.1002/ajpa.21098,1
10.2307/3494848,1
10.7589/0090-3558-27.3.486,1
10.1111/j.1749-6632.1988.tb31894.x,1
10.7589/0090-3558-22.4.479,1
10.1128/cvi.00345-09,1
10.7589/0090-3558-30.4.563,1
10.7589/0090-3558-38.4.760,1
10.7589/0090-3558-28.2.177,1
10.7589/0090-3558-24.2.268,1
10.7557/2.16.4.1274,1
10.7589/jwd-d-20-00060,1
10.7589/0090-3558-28.4.610,1
10.1016/j.jcpa.2007.05.001,1
10.1645/ge-1581.1,1
10.2307/3283281,1
10.7589/0090-3558-28.1.21,1
10.1017/s0031182098003072,1
10.1016/j.vetpar.2008.10.003,1
10.1136/vr.b4763,1
10.7589/0090-3558-23.1.155,1
10.7589/0090-3558-24.1.113,1
10.7589/0090-3558-10.3.232,1
10.1002/zoo.21411,1
10.1016/j.ijpara.2013.03.002,1
10.1016/j.vetpar.2005.07.015,1
10.1099/vir.0.79781-0,1
10.7589/0090-3558-33.3.420,1
10.7589/0090-3558-45.2.333,1
10.7589/0090-3558-33.3.649,1
10.7589/0090-3558-39.2.407,1
10.4269/ajtmh.2010.09-0668,1
10.1016/j.jcpa.2007.02.005,1
10.1638/2007-0043r1.1,1
10.7589/0090-3558-28.3.369,1
10.2478/vzoo-2019-0006,1
10.1017/s0022149x00016473,1
10.1079/joh2004253,1
10.1023/a:1006453532286,1
10.1007/s004360000316,1
10.1079/joh2004253,1
10.1016/j.vetpar.2006.01.009,1
10.1017/s0022149x08046920,1
10.1128/jvi.79.4.2541-2548.2005,1
10.20506/rst.11.4.644,1
10.1007/s10764-007-9137-5,1
10.1007/s13149-013-0291-z,1
10.2754/avb201079030403,1
10.1128/jvi.78.7.3777-3791.2004,1
10.15517/rbt.v57i1-2.11326,1
10.1017/s0950268898001319,1
10.7589/0090-3558-40.1.32,1
10.7589/0090-3558-34.3.443,1
10.1136/vr.144.21.588,1
10.7589/0090-3558-37.3.523,1
10.7589/0090-3558-41.2.310,1
10.1016/j.vetmic.2004.11.001,1
10.1016/j.virusres.2004.08.005,1
10.1017/s0031182099005582,1
10.1038/nature08149,1
10.1016/s0304-4017(99)00164-8,1
10.7589/0090-3558-39.4.887,1
10.1051/parasite/1972471001,1
10.1051/parasite/1998052119,1
10.1051/parasite/2001083215,1
10.1051/parasite/1992676221,1
10.1051/parasite/1994012127,1
10.1051/parasite/2002094293,1
10.1051/parasite/2004112131,1
10.1051/parasite/2006133193,1
10.1051/parasite2007143199,1
10.7589/0090-3558-23.4.683,1
10.1007/s00436-020-06996-7,1
10.5109/22740,1
10.7589/0090-3558-43.2.274,1
10.1079/joh200190,1
10.1079/joh2003232,1
10.1002/ajp.20808,1
10.7589/0090-3558-40.2.356,1
10.1007/bf02380953,1
10.7589/0090-3558-36.1.56,1
10.1128/iai.18.1.247-252.1977,1
10.12688/f1000research.12636.1,1
10.1006/viro.1998.9075,1
10.7589/0090-3558-37.2.306,1
10.1136/vr.146.24.691,1
10.1017/s0022149x00033903,1
10.2307/3282086,1
10.1051/parasite/200108s2103,1
10.1016/s0304-4017(98)00263-5,1
10.7589/0090-3558-29.3.403,1
10.7589/0090-3558-29.3.410,1
10.1016/j.meegid.2006.06.003,1
10.1080/03759873.1949.9630658,1
10.7589/0090-3558-44.1.151,1
10.1038/444164a,1
10.1111/j.1365-3156.2005.01527.x,1
10.1016/0378-1135(95)00012-y,1
10.1099/0022-1317-79-7-1809,1
10.1089/088922299310872,1
10.1051/parasite/198863137,1
10.1089/153036603768395816,1
10.2307/3284113,1
10.1128/jvi.76.21.11155-11158.2002,1
10.7589/0090-3558-44.2.369,1
10.1016/s0304-4017(01)00579-9,1
10.3201/eid1412.071181,1
10.15373/2249555x/jan2014/161,1
10.1099/0022-1317-79-1-51,1
10.1111/j.1600-0684.2007.00276.x,1
10.2307/3797831,1
10.1016/s0304-4017(03)00212-7,1
10.1016/s0304-4017(03)00212-7,1
10.1016/j.prevetmed.2006.04.014,1
10.1016/s0304-4017(00)00425-8,1
10.1590/s0074-02762000000600017,1
10.7589/0090-3558-38.3.649,1
10.1590/s0074-02761992000500057,1
10.1079/joh2003216,1
10.1017/s0031182004005578,1
10.1007/s00436-004-1255-9,1
10.1007/s00436-005-0001-2,1
10.1111/j.1365-2656.2006.01199.x,1
10.1896/044.015.0113,1
10.1016/j.vetpar.2003.12.015,1
10.7589/0090-3558-42.4.797,1
10.1016/j.vetmic.2007.07.029,1
10.1002/ajp.20309,1
10.1007/s10764-007-9229-2,1
10.1006/viro.1996.8408,1
10.1016/s0001-706x(02)00036-0,1
10.1590/s1678-91992009000400011,1
10.1017/s0950268800052055,1
10.1128/jcm.42.1.469-473.2004,1
10.1638/2008-0119.1,1
10.1017/s0950268899002617,1
10.7589/0090-3558-25.2.270,1
10.7589/0090-3558-22.2.189,1
10.1051/parasite/1995021055,1
10.1139/z88-313,1
10.7589/0090-3558-21.3.264,1
10.7589/0090-3558-25.2.194,1
10.1016/0167-5877(89)90036-6,1
10.7589/0090-3558-28.3.457,1
10.1017/s003118200007102x,1
10.1093/jmedent/33.1.165,1
10.1128/jcm.38.1.354-356.2000,1
10.1128/cdli.5.6.762-765.1998,1
10.1016/s0304-4017(99)00002-3,1
10.7589/0090-3558-45.2.375,1
10.1016/j.vetpar.2004.11.027,1
10.1016/0167-5877(95)00502-1,1
10.1080/00128325.1990.11663122,1
10.7589/0090-3558-33.3.544,1
10.1111/j.1600-0684.1998.tb00066.x,1
10.7557/2.9.2.774,1
10.1016/j.jcpa.2008.11.003,1
10.1093/jmedent/25.5.315,1
10.4102/ojvr.v71i2.272,1
10.4102/ojvr.v71i2.272,1
10.7589/0090-3558-17.4.547,1
10.7589/0090-3558-23.2.192,1
10.1080/00034983.1955.11685658,1
10.1111/j.1469-7998.1991.tb04814.x,1
10.1111/j.1469-7998.1989.tb02613.x,1
10.4102/koedoe.v35i1.394,1
10.1111/j.1699-0463.1994.tb04877.x,1
10.7589/0090-3558-31.4.480,1
10.7589/0090-3558-31.1.79,1
10.1016/0035-9203(72)90309-4,1
10.7589/0090-3558-39.3.536,1
10.1139/z91-323,1
10.1111/j.1749-6632.2003.tb07335.x,1
10.1017/s003118201200203x,1
10.1017/s0031182009991570,1
10.1016/j.parint.2021.102419,1
10.1016/j.parint.2019.102044,1
10.2307/3284724,1
10.1007/s11250-006-4318-3,1
10.1007/s10764-013-9710-z,1
10.1093/jmedent/22.5.507,1
10.1093/jmedent/22.5.507,1
10.1128/jvi.00810-11,1
10.1186/1756-3305-2-49,1
10.1007/s10764-006-9089-1,1
10.7589/0090-3558-33.4.912,1
10.1139/z94-111,1
10.7589/0090-3558-46.3.791,1
10.7589/0090-3558-42.3.646,1
10.1111/j.1469-7998.2000.tb00782.x,1
10.1128/jcm.02005-06,1
10.7589/0090-3558-19.3.185,1
10.7589/0090-3558-29.1.118,1
10.4102/jsava.v73i1.547,1
10.4102/jsava.v76i2.404,1
10.1002/ajp.20573,1
10.1017/s0022149x00015509,1
10.7589/0090-3558-21.2.180,1
10.1111/j.1749-6632.1988.tb31897.x,1
10.1111/j.1365-2915.1990.tb00273.x,1
10.1093/jmedent/27.6.945,1
10.1099/mic.0.28986-0,1
10.7589/0090-3558-44.1.53,1
10.1016/0035-9203(92)90433-d,1
10.7589/0090-3558-46.2.368,1
10.1073/pnas.0704076104,1
10.7589/0090-3558-27.1.166,1
10.1016/0304-4017(91)90104-4,1
10.2307/3803124,1
10.3201/eid0402.980202,1
10.1136/vr.149.25.759,1
10.4269/ajtmh.2001.64.310,1
10.1111/j.1365-2664.2005.01081.x,1
10.7589/0090-3558-33.4.801,1
10.7589/0090-3558-31.1.83,1
10.1515/vzoo-2016-0007,1
10.1002/ajp.1350370404,1
10.1654/4712rr.1,1
10.7589/0090-3558-21.1.68,1
10.7589/0090-3558-24.1.168,1
10.1186/1756-3305-2-49,1
10.1086/514300,1
10.7589/0090-3558-29.2.266,1
10.1016/j.ijpara.2005.01.003,1
10.7589/0090-3558-38.1.75,1
10.7589/2019-03-060,1
10.3201/eid0807.020018,1
10.1089/vbz.2005.5.351,1
10.2307/3285250,1
10.7589/0090-3558-42.2.366,1
10.1089/vbz.2007.0240,1
10.1645/ge-2111.1,1
10.1051/parasite/1994014349,1
10.1136/vr.149.16.485,1
10.7589/0090-3558-34.1.56,1
10.7589/0090-3558-31.2.233,1
10.7589/0090-3558-45.1.14,1
10.1016/s0304-4017(99)00073-4,1
10.1016/s0304-4017(99)00073-4,1
10.1016/s1383-5769(01)00073-3,1
10.1016/s1383-5769(01)00073-3,1
10.2307/3278041,1
10.7589/0090-3558-26.1.137,1
10.1017/s0030605310000827,1
10.1007/s001289900392,1
10.1016/j.jcpa.2003.08.001,1
10.2307/1383272,1
10.1016/s0304-4017(00)00240-5,1
10.1080/00480169./1987.35442,1
10.1007/bf02629575,1
10.7589/0090-3558-33.3.623,1
10.7589/0090-3558-44.1.99,1
10.1136/vr.163.2.43,1
10.7589/0090-3558-23.1.77,1
10.7589/0090-3558-26.3.416,1
10.7589/0090-3558-25.4.568,1
10.7589/0090-3558-19.3.170,1
10.7589/0090-3558-38.3.500,1
10.7589/0090-3558-31.3.314,1
10.7589/0090-3558-33.2.267,1
10.7589/0090-3558-33.3.474,1
10.7589/0090-3558-35.1.94,1
10.7589/0090-3558-36.2.219,1
10.7589/0090-3558-37.1.36,1
10.7589/0090-3558-37.4.740,1
10.7589/0090-3558-40.4.632,1
10.7589/0090-3558-40.3.452,1
10.7589/0090-3558-42.3.570,1
10.7589/0090-3558-42.2.290,1
10.7589/0090-3558-29.3.453,1
10.1016/s0304-4017(03)00083-9,1
10.1007/s00705-021-05005-1,1
10.1016/j.mcp.2007.05.003,1
10.1016/j.virusres.2010.01.010,1
10.1002/1522-2683(200106)22:10<1930::aid-elps1930>3.0.co;2-z,1
10.1590/s0074-02761997000400003,1
10.7589/0090-3558-32.1.51,1
10.1016/s0254-6299(15)31017-6,1
10.4102/koedoe.v41i2.250,1
10.1016/j.vetpar.2007.03.024,1
10.1093/oxfordjournals.aje.a112447,1
10.2981/0909-6396(2008)14[118:somcsf]2.0.co;2,1
10.1016/j.vetmic.2008.12.017,1
10.1016/j.virusres.2008.11.004,1
10.1099/00221287-145-9-2519,1
10.1016/j.jevs.2009.04.028,1
